Placa_Veiculo,Descricao_POI,Data_Entrada,Data_Saida,Duracao,Status_Evento
RWF6G80,Manutenção Campo Grande,14/07/2025 08:06,06/08/2025 11:19,23d 3h 13m,Saiu da cerca
SYL5J47,Manutenção Campo Grande,16/07/2025 12:13,01/08/2025 15:41,16d 3h 28m,Saiu da cerca
SYL5J47,SCANIA PBL,16/07/2025 12:36,01/08/2025 15:18,16d 2h 42m,Saiu da cerca
SYD5G03,Manutenção Campo Grande,26/07/2025 07:48,04/08/2025 10:23,9d 2h 35m,Saiu da cerca
SYD5G49,Oficina JSL,27/07/2025 11:17,04/08/2025 11:42,8d 0h 25m,Saiu da cerca
JDO4D13,Agua Clara,29/07/2025 02:17,01/08/2025 07:37,3d 5h 20m,Saiu da cerca
SYD5G62,Oficina JSL,29/07/2025 10:42,01/08/2025 09:57,2d 23h 14m,Saiu da cerca
SYD5G10,Oficina JSL,30/07/2025 19:27,31/07/2025 20:18,1d 0h 51m,Saiu da cerca
SYD5G00,Oficina JSL,31/07/2025 01:28,01/08/2025 12:29,1d 11h 1m,Saiu da cerca
SYD5G54,Oficina JSL,31/07/2025 05:24,01/08/2025 22:17,1d 16h 53m,Saiu da cerca
SYD5G32,Oficina JSL,31/07/2025 07:27,31/07/2025 20:54,13h 27m,Saiu da cerca
SYD5G24,Oficina JSL,31/07/2025 08:57,31/07/2025 20:07,11h 9m,Saiu da cerca
SYD5G21,Descarga Inocencia,31/07/2025 14:12,31/07/2025 20:50,6h 38m,Saiu da cerca
SYD5G21,Terminal Inocencia,31/07/2025 14:19,31/07/2025 20:46,6h 27m,Saiu da cerca
SYD5G21,Patio Carregado INO,31/07/2025 14:19,31/07/2025 20:06,5h 46m,Saiu da cerca
SYD5G05,Descarga Inocencia,31/07/2025 15:49,31/07/2025 23:36,7h 47m,Saiu da cerca
SYD5G05,Terminal Inocencia,31/07/2025 15:55,31/07/2025 23:34,7h 39m,Saiu da cerca
SYD5G05,Patio Carregado INO,31/07/2025 15:55,31/07/2025 22:45,6h 49m,Saiu da cerca
SYD5G27,Terminal Inocencia,31/07/2025 15:57,31/07/2025 20:03,4h 6m,Saiu da cerca
SYD5G27,Descarga Inocencia,31/07/2025 15:57,31/07/2025 20:07,4h 10m,Saiu da cerca
SYD5G38,Descarga Inocencia,31/07/2025 16:22,31/07/2025 19:59,3h 37m,Saiu da cerca
SYD5F92,Terminal Inocencia,31/07/2025 16:56,01/08/2025 01:04,8h 8m,Saiu da cerca
SYD5F92,Patio Carregado INO,31/07/2025 16:56,01/08/2025 00:47,7h 51m,Saiu da cerca
SYD5F92,Descarga Inocencia,31/07/2025 16:56,01/08/2025 01:18,8h 21m,Saiu da cerca
SYL4A18,Descarga Inocencia,31/07/2025 17:04,31/07/2025 20:11,3h 6m,Saiu da cerca
SYL4A18,Terminal Inocencia,31/07/2025 17:09,31/07/2025 20:08,2h 59m,Saiu da cerca
SYD5G67,Terminal Inocencia,31/07/2025 17:09,31/07/2025 20:03,2h 53m,Saiu da cerca
SYD5G67,Descarga Inocencia,31/07/2025 17:09,31/07/2025 20:05,2h 56m,Saiu da cerca
SYE7D11,Descarga Inocencia,31/07/2025 17:27,31/07/2025 22:30,5h 2m,Saiu da cerca
SYE4C10,Descarga Inocencia,31/07/2025 17:30,31/07/2025 20:46,3h 16m,Saiu da cerca
SYE4C10,Terminal Inocencia,31/07/2025 17:31,31/07/2025 20:21,2h 50m,Saiu da cerca
SYE7D11,Terminal Inocencia,31/07/2025 17:34,31/07/2025 22:28,4h 53m,Saiu da cerca
SYE7D11,Patio Carregado INO,31/07/2025 17:34,31/07/2025 20:10,2h 35m,Saiu da cerca
SYD5G52,Descarga Inocencia,31/07/2025 17:51,31/07/2025 22:32,4h 40m,Saiu da cerca
SMH0F11,Descarga Inocencia,31/07/2025 17:51,31/07/2025 20:33,2h 41m,Saiu da cerca
RWB3C06,Terminal Inocencia,31/07/2025 17:57,31/07/2025 20:27,2h 30m,Saiu da cerca
RWB3C06,Patio Carregado INO,31/07/2025 17:57,31/07/2025 19:43,1h 45m,Saiu da cerca
RWB3C06,Descarga Inocencia,31/07/2025 17:57,31/07/2025 20:32,2h 35m,Saiu da cerca
SYE7D13,Terminal Inocencia,31/07/2025 17:58,01/08/2025 19:02,1d 1h 3m,Saiu da cerca
SYE7D13,Patio Carregado INO,31/07/2025 17:58,31/07/2025 22:06,4h 7m,Saiu da cerca
SYE7D13,Descarga Inocencia,31/07/2025 17:58,01/08/2025 19:06,1d 1h 7m,Saiu da cerca
SYD5G52,Terminal Inocencia,31/07/2025 18:00,31/07/2025 22:16,4h 16m,Saiu da cerca
SYD5G52,Patio Vazio INO,31/07/2025 18:00,31/07/2025 21:53,3h 53m,Saiu da cerca
SMH0F11,Terminal Inocencia,31/07/2025 18:07,31/07/2025 20:28,2h 21m,Saiu da cerca
SMH0F11,Patio Carregado INO,31/07/2025 18:07,31/07/2025 19:45,1h 38m,Saiu da cerca
SYD5F93,Terminal Inocencia,31/07/2025 18:09,31/07/2025 20:24,2h 14m,Saiu da cerca
SYD5F93,Patio Vazio INO,31/07/2025 18:09,31/07/2025 19:58,1h 48m,Saiu da cerca
SYD5F93,Descarga Inocencia,31/07/2025 18:09,31/07/2025 20:26,2h 16m,Saiu da cerca
SYD5G25,Terminal Inocencia,31/07/2025 18:24,31/07/2025 20:29,2h 5m,Saiu da cerca
SYD5G25,Descarga Inocencia,31/07/2025 18:24,31/07/2025 20:53,2h 28m,Saiu da cerca
SYE7D10,Descarga Inocencia,31/07/2025 18:38,31/07/2025 21:39,3h 1m,Saiu da cerca
SYD5G61,Descarga Inocencia,31/07/2025 18:37,31/07/2025 20:50,2h 12m,Saiu da cerca
SYD5G61,Terminal Inocencia,31/07/2025 18:43,31/07/2025 20:46,2h 3m,Saiu da cerca
SYD5F99,Descarga Inocencia,31/07/2025 18:53,31/07/2025 20:53,2h 0m,Saiu da cerca
SYD5G22,Agua Clara,31/07/2025 18:59,31/07/2025 20:10,1h 10m,Saiu da cerca
SYD5G22,PA AGUA CLARA,31/07/2025 19:03,31/07/2025 20:04,1h 0m,Saiu da cerca
SYD5F99,Terminal Inocencia,31/07/2025 18:58,31/07/2025 20:53,1h 54m,Saiu da cerca
SYD5F99,Patio Carregado INO,31/07/2025 18:58,31/07/2025 20:42,1h 43m,Saiu da cerca
QUA0J34,Descarga Inocencia,31/07/2025 19:04,31/07/2025 21:39,2h 34m,Saiu da cerca
SYD5G53,Terminal Inocencia,31/07/2025 18:59,31/07/2025 21:19,2h 20m,Saiu da cerca
SYD5G53,Patio Carregado INO,31/07/2025 18:59,31/07/2025 20:33,1h 34m,Saiu da cerca
SYD5G53,Descarga Inocencia,31/07/2025 18:59,31/07/2025 21:21,2h 22m,Saiu da cerca
SYD5G56,Descarga Inocencia,31/07/2025 19:07,31/07/2025 21:32,2h 25m,Saiu da cerca
SYD5G58,Carregamento Fabrica RRP,31/07/2025 19:12,31/07/2025 20:03,51m,Saiu da cerca
SYD5G06,Descarga Inocencia,31/07/2025 19:07,31/07/2025 21:23,2h 15m,Saiu da cerca
SMG5F48,Terminal Inocencia,31/07/2025 19:08,31/07/2025 21:27,2h 18m,Saiu da cerca
SMG5F48,Patio Carregado INO,31/07/2025 19:08,31/07/2025 20:42,1h 34m,Saiu da cerca
SMG5F48,Descarga Inocencia,31/07/2025 19:08,31/07/2025 21:29,2h 20m,Saiu da cerca
SYD5G56,Terminal Inocencia,31/07/2025 19:12,31/07/2025 21:30,2h 17m,Saiu da cerca
SYD5G56,Patio Carregado INO,31/07/2025 19:12,31/07/2025 20:48,1h 35m,Saiu da cerca
SYD5G06,Terminal Inocencia,31/07/2025 19:13,31/07/2025 21:23,2h 9m,Saiu da cerca
SYD5G06,Patio Carregado INO,31/07/2025 19:13,31/07/2025 21:05,1h 51m,Saiu da cerca
SYD5G48,Carregamento Fabrica RRP,31/07/2025 19:20,31/07/2025 19:58,38m,Saiu da cerca
SYD5G20,Posto Mutum,31/07/2025 19:18,31/07/2025 20:25,1h 6m,Saiu da cerca
SYD5F91,Terminal Inocencia,31/07/2025 19:15,31/07/2025 21:40,2h 25m,Saiu da cerca
SYD5F91,Patio Carregado INO,31/07/2025 19:15,31/07/2025 20:52,1h 37m,Saiu da cerca
SYD5F91,Descarga Inocencia,31/07/2025 19:15,31/07/2025 22:08,2h 53m,Saiu da cerca
GBJ0J68,Agua Clara,31/07/2025 19:24,01/08/2025 04:09,8h 44m,Saiu da cerca
QTQ0F44,Agua Clara,31/07/2025 19:29,31/07/2025 19:59,30m,Saiu da cerca
SYD5F96,Buffer frotas ,31/07/2025 19:34,31/07/2025 20:12,37m,Saiu da cerca
SYE7D16,Buffer frotas ,31/07/2025 19:35,31/07/2025 21:42,2h 6m,Saiu da cerca
SYD5G58,Enlonamento RRP,31/07/2025 19:42,31/07/2025 20:03,21m,Saiu da cerca
SYD5G44,Descarga Inocencia,31/07/2025 19:37,01/08/2025 05:59,10h 22m,Saiu da cerca
SYD5G27,Patio Carregado INO,31/07/2025 19:43,31/07/2025 20:03,19m,Saiu da cerca
SYD5F93,Descarga INO,31/07/2025 19:43,31/07/2025 20:13,29m,Saiu da cerca
SMG9D17,Carregamento Fabrica RRP,31/07/2025 19:44,31/07/2025 20:30,45m,Saiu da cerca
SYD5F89,Terminal Inocencia,31/07/2025 19:38,31/07/2025 21:49,2h 11m,Saiu da cerca
SYD5F89,Patio Carregado INO,31/07/2025 19:38,31/07/2025 21:07,1h 28m,Saiu da cerca
SYD5F89,Descarga Inocencia,31/07/2025 19:38,31/07/2025 21:49,2h 11m,Saiu da cerca
SYD5G34,Buffer frotas ,31/07/2025 19:46,31/07/2025 20:11,24m,Saiu da cerca
SYE7D12,Buffer frotas ,31/07/2025 19:47,31/07/2025 20:09,22m,Saiu da cerca
SYD5G44,Terminal Inocencia,31/07/2025 19:41,31/07/2025 22:36,2h 55m,Saiu da cerca
SYD5G44,Patio Carregado INO,31/07/2025 19:41,31/07/2025 22:09,2h 28m,Saiu da cerca
SMG9D17,Carregamento RRp,31/07/2025 19:48,31/07/2025 20:09,20m,Saiu da cerca
SYD5G02,Descarga Inocencia,31/07/2025 19:43,31/07/2025 22:32,2h 48m,Saiu da cerca
SYD5G51,Carregamento Fabrica RRP,31/07/2025 19:49,31/07/2025 20:26,36m,Saiu da cerca
SMG9B17,Abastecimento Frotas RRP,31/07/2025 19:50,31/07/2025 20:07,17m,Saiu da cerca
SMG9B17,Pro LOG,31/07/2025 19:50,31/07/2025 20:07,17m,Saiu da cerca
SYE7D10,Terminal Inocencia,31/07/2025 19:45,31/07/2025 20:01,16m,Saiu da cerca
SYE7D10,Patio Carregado INO,31/07/2025 19:45,31/07/2025 20:01,16m,Saiu da cerca
SYE4C10,Descarga INO,31/07/2025 19:51,31/07/2025 20:33,42m,Saiu da cerca
SYE4C10,Patio Vazio INO,31/07/2025 19:51,31/07/2025 20:07,15m,Saiu da cerca
SYD5G25,Descarga INO,31/07/2025 19:50,31/07/2025 20:29,39m,Saiu da cerca
SYD5G25,Patio Vazio INO,31/07/2025 19:50,31/07/2025 20:21,31m,Saiu da cerca
SYD5G67,Patio Carregado INO,31/07/2025 19:56,31/07/2025 20:03,6m,Saiu da cerca
SYL4A18,Desc. INO,31/07/2025 19:41,31/07/2025 19:59,17m,Saiu da cerca
SYD5G61,Descarga INO,31/07/2025 19:52,31/07/2025 20:34,42m,Saiu da cerca
SYD5G61,Patio Vazio INO,31/07/2025 19:52,31/07/2025 20:24,32m,Saiu da cerca
SYD5G13,Oficina JSL,31/07/2025 19:59,31/07/2025 20:03,4m,Saiu da cerca
SYL4A18,Descarga INO,31/07/2025 19:57,31/07/2025 19:59,2m,Saiu da cerca
SYL4A18,Patio Vazio INO,31/07/2025 19:59,31/07/2025 20:06,7m,Saiu da cerca
SYD5G02,Terminal Inocencia,31/07/2025 19:45,31/07/2025 22:17,2h 31m,Saiu da cerca
SYD5G02,Patio Carregado INO,31/07/2025 19:45,31/07/2025 21:29,1h 43m,Saiu da cerca
RWB3C06,Descarga INO,31/07/2025 19:43,31/07/2025 20:04,21m,Saiu da cerca
RWB3C06,Patio Vazio INO,31/07/2025 19:43,31/07/2025 19:58,15m,Saiu da cerca
SYD5G01,Agua Clara,31/07/2025 20:02,31/07/2025 20:55,53m,Saiu da cerca
RWB3C06,Desc. INO,31/07/2025 19:58,31/07/2025 20:04,6m,Saiu da cerca
SYD5G48,Carregamento Fabrica RRP,31/07/2025 20:04,31/07/2025 20:06,2m,Saiu da cerca
SYD5G58,Buffer frotas ,31/07/2025 20:05,31/07/2025 20:45,40m,Saiu da cerca
SYD5G13,Oficina JSL,31/07/2025 20:05,31/07/2025 20:09,3m,Saiu da cerca
SYD5G65,Abastecimento Frotas RRP,31/07/2025 20:04,31/07/2025 20:13,9m,Saiu da cerca
SYD5G65,Pro LOG,31/07/2025 20:05,31/07/2025 20:13,8m,Saiu da cerca
SYD5G21,Descarga INO,31/07/2025 20:06,31/07/2025 20:41,35m,Saiu da cerca
SYD5G21,Patio Vazio INO,31/07/2025 20:06,31/07/2025 20:28,22m,Saiu da cerca
SYD5G48,Buffer frotas ,31/07/2025 20:06,31/07/2025 20:23,17m,Saiu da cerca
RWB3C06,Patio Carregado INO,31/07/2025 20:04,31/07/2025 20:27,23m,Saiu da cerca
SMH0F11,Descarga INO,31/07/2025 19:45,31/07/2025 20:10,24m,Saiu da cerca
SMH0F11,Patio Vazio INO,31/07/2025 19:45,31/07/2025 19:56,10m,Saiu da cerca
SYD5G24,Oficina JSL,31/07/2025 20:09,31/07/2025 20:11,2m,Saiu da cerca
SMH0F11,Desc. INO,31/07/2025 19:56,31/07/2025 20:10,13m,Saiu da cerca
SYD5G13,Oficina JSL,31/07/2025 20:09,31/07/2025 20:11,1m,Saiu da cerca
SYD5G51,Carregamento RRp,31/07/2025 20:10,31/07/2025 20:22,11m,Saiu da cerca
SMH0F11,Patio Carregado INO,31/07/2025 20:10,31/07/2025 20:28,18m,Saiu da cerca
SMG9D17,Enlonamento RRP,31/07/2025 20:11,31/07/2025 20:12,0m,Saiu da cerca
SMG9B17,Buffer frotas ,31/07/2025 20:07,31/07/2025 20:09,2m,Saiu da cerca
SMG9B17,Carregamento Fabrica RRP,31/07/2025 20:12,31/07/2025 20:58,46m,Saiu da cerca
SMG9B17,Enlonamento RRP,31/07/2025 20:12,31/07/2025 20:20,8m,Saiu da cerca
SYD5G33,Agua Clara,31/07/2025 20:13,31/07/2025 20:25,12m,Saiu da cerca
SYD5G65,Carregamento Fabrica RRP,31/07/2025 20:13,31/07/2025 21:14,1h 0m,Saiu da cerca
FOW8J57,Terminal Inocencia,31/07/2025 20:09,31/07/2025 22:32,2h 23m,Saiu da cerca
FOW8J57,Patio Carregado INO,31/07/2025 20:09,31/07/2025 21:54,1h 45m,Saiu da cerca
FOW8J57,Descarga Inocencia,31/07/2025 20:09,31/07/2025 22:34,2h 25m,Saiu da cerca
SYD5G37,Oficina JSL,31/07/2025 20:15,31/07/2025 22:57,2h 41m,Saiu da cerca
SYD5G24,Abastecimento Frotas RRP,31/07/2025 20:15,31/07/2025 20:27,11m,Saiu da cerca
SYD5G24,Pro LOG,31/07/2025 20:15,31/07/2025 20:27,11m,Saiu da cerca
SMG9E17,Agua Clara,31/07/2025 20:09,31/07/2025 20:27,17m,Saiu da cerca
SYD5G65,Enlonamento RRP,31/07/2025 20:18,31/07/2025 20:18,0m,Saiu da cerca
SYD5F93,Desc. INO,31/07/2025 19:58,31/07/2025 20:15,17m,Saiu da cerca
SYD5F93,Descarga INO,31/07/2025 20:15,31/07/2025 20:16,1m,Saiu da cerca
SYD5F93,Patio Vazio INO,31/07/2025 20:15,31/07/2025 20:16,1m,Saiu da cerca
SYD5F93,Patio Carregado INO,31/07/2025 20:16,31/07/2025 20:24,7m,Saiu da cerca
SYD5G35,Abastecimento Frotas RRP,31/07/2025 20:19,31/07/2025 20:29,10m,Saiu da cerca
SYD5G35,Pro LOG,31/07/2025 20:19,31/07/2025 20:29,10m,Saiu da cerca
SYE7D11,Descarga INO,31/07/2025 20:10,31/07/2025 20:48,38m,Saiu da cerca
SYE7D11,Patio Vazio INO,31/07/2025 20:10,31/07/2025 20:31,21m,Saiu da cerca
SMG9B17,Carregamento RRp,31/07/2025 20:20,31/07/2025 20:37,17m,Saiu da cerca
SYD5G65,Carregamento RRp,31/07/2025 20:22,31/07/2025 20:24,2m,Saiu da cerca
SYD5G51,Enlonamento RRP,31/07/2025 20:23,31/07/2025 20:26,2m,Saiu da cerca
SYD5G65,Carregamento RRp,31/07/2025 20:26,31/07/2025 20:36,10m,Saiu da cerca
SYD5G13,Oficina JSL,31/07/2025 20:21,01/08/2025 06:02,9h 40m,Saiu da cerca
SYE4C10,Desc. INO,31/07/2025 20:07,31/07/2025 20:21,14m,Saiu da cerca
SYD5G57,Abastecimento Frotas RRP,31/07/2025 20:27,31/07/2025 20:37,9m,Saiu da cerca
SYD5G57,Pro LOG,31/07/2025 20:28,31/07/2025 20:37,8m,Saiu da cerca
SYD5G24,Carregamento Fabrica RRP,31/07/2025 20:28,31/07/2025 21:36,1h 7m,Saiu da cerca
SYD5G24,Enlonamento RRP,31/07/2025 20:28,31/07/2025 20:36,7m,Saiu da cerca
SYD5G26,Agua Clara,31/07/2025 20:29,01/08/2025 01:20,4h 51m,Saiu da cerca
SYD5G35,Carregamento Fabrica RRP,31/07/2025 20:29,31/07/2025 21:44,1h 14m,Saiu da cerca
SYE4C10,Terminal Inocencia,31/07/2025 20:24,31/07/2025 20:41,16m,Saiu da cerca
SYD5G35,Enlonamento RRP,31/07/2025 20:30,31/07/2025 20:42,12m,Saiu da cerca
SMG9D17,Buffer frotas ,31/07/2025 20:31,01/08/2025 03:22,6h 50m,Saiu da cerca
SYD5G25,Desc. INO,31/07/2025 20:21,31/07/2025 20:29,8m,Saiu da cerca
SYD5G16,Agua Clara,31/07/2025 20:28,31/07/2025 20:43,15m,Saiu da cerca
SYD5G01,PA AGUA CLARA,31/07/2025 20:33,31/07/2025 20:55,22m,Saiu da cerca
SYD5G53,Descarga INO,31/07/2025 20:33,31/07/2025 21:15,42m,Saiu da cerca
SYD5G53,Patio Vazio INO,31/07/2025 20:33,31/07/2025 20:45,11m,Saiu da cerca
SYE4C10,Patio Carregado INO,31/07/2025 20:33,31/07/2025 20:41,7m,Saiu da cerca
SYD5G25,Descarga INO,31/07/2025 20:31,31/07/2025 20:35,3m,Saiu da cerca
SYD5G25,Terminal Inocencia,31/07/2025 20:31,31/07/2025 20:47,15m,Saiu da cerca
SYD5G25,Desc. INO,31/07/2025 20:31,31/07/2025 20:35,3m,Saiu da cerca
SYD5G25,Patio Vazio INO,31/07/2025 20:35,31/07/2025 20:45,10m,Saiu da cerca
SYD5G51,Carregamento Fabrica RRP,31/07/2025 20:36,31/07/2025 20:45,8m,Saiu da cerca
SYD5G26,PA AGUA CLARA,31/07/2025 20:37,01/08/2025 01:20,4h 43m,Saiu da cerca
SYD5G61,Desc. INO,31/07/2025 20:24,31/07/2025 20:34,9m,Saiu da cerca
SMG6H57,Agua Clara,31/07/2025 20:38,31/07/2025 20:55,17m,Saiu da cerca
SYD5G61,Patio Vazio INO,31/07/2025 20:34,31/07/2025 20:46,11m,Saiu da cerca
SYD5G65,Carregamento RRp,31/07/2025 20:38,31/07/2025 20:52,13m,Saiu da cerca
SMG9B17,Enlonamento RRP,31/07/2025 20:38,31/07/2025 20:58,20m,Saiu da cerca
SYD5G21,Desc. INO,31/07/2025 20:28,31/07/2025 20:41,13m,Saiu da cerca
SYD5G57,Carregamento Fabrica RRP,31/07/2025 20:40,31/07/2025 21:53,1h 13m,Saiu da cerca
SYD5G21,Patio Vazio INO,31/07/2025 20:41,31/07/2025 20:46,4m,Saiu da cerca
SYD5G15,Descarga Inocencia,31/07/2025 20:43,01/08/2025 06:04,9h 20m,Saiu da cerca
SMG5F48,Descarga INO,31/07/2025 20:42,31/07/2025 21:10,27m,Saiu da cerca
SMG5F48,Patio Vazio INO,31/07/2025 20:42,31/07/2025 20:46,3m,Saiu da cerca
QUA0J34,Descarga INO,31/07/2025 20:42,31/07/2025 21:12,29m,Saiu da cerca
QUA0J34,Terminal Inocencia,31/07/2025 20:42,31/07/2025 21:39,56m,Saiu da cerca
QUA0J34,Patio Vazio INO,31/07/2025 20:42,31/07/2025 21:01,19m,Saiu da cerca
SYD5G57,Enlonamento RRP,31/07/2025 20:45,31/07/2025 20:47,2m,Saiu da cerca
SYD5G51,Carregamento Fabrica RRP,31/07/2025 20:46,31/07/2025 20:49,2m,Saiu da cerca
SYD5G57,Carregamento RRp,31/07/2025 20:47,31/07/2025 20:49,2m,Saiu da cerca
SYD5G51,Buffer frotas ,31/07/2025 20:49,31/07/2025 21:14,25m,Saiu da cerca
SYD5F90,Agua Clara,31/07/2025 20:48,31/07/2025 20:57,9m,Saiu da cerca
SYE7D11,Desc. INO,31/07/2025 20:31,31/07/2025 20:48,16m,Saiu da cerca
SYE7D11,Patio Vazio INO,31/07/2025 20:48,31/07/2025 20:50,1m,Saiu da cerca
SYE7D11,Patio Carregado INO,31/07/2025 20:50,31/07/2025 22:28,1h 37m,Saiu da cerca
SYE7D14,Agua Clara,31/07/2025 20:51,31/07/2025 20:59,8m,Saiu da cerca
SYD5G64,Agua Clara,31/07/2025 20:52,31/07/2025 22:31,1h 39m,Saiu da cerca
SYD5G65,Enlonamento RRP,31/07/2025 20:52,31/07/2025 21:14,22m,Saiu da cerca
SYD5F99,Descarga INO,31/07/2025 20:42,31/07/2025 20:53,11m,Saiu da cerca
SYD5F99,Patio Vazio INO,31/07/2025 20:42,31/07/2025 20:53,11m,Saiu da cerca
SYD5G20,Agua Clara,31/07/2025 20:53,31/07/2025 22:33,1h 40m,Saiu da cerca
SYD5F91,Descarga INO,31/07/2025 20:52,31/07/2025 21:40,48m,Saiu da cerca
SYD5F91,Patio Vazio INO,31/07/2025 20:52,31/07/2025 21:23,31m,Saiu da cerca
SYD5G64,PA AGUA CLARA,31/07/2025 20:54,31/07/2025 22:23,1h 29m,Saiu da cerca
SYD5G56,Patio Vazio INO,31/07/2025 20:48,31/07/2025 21:10,21m,Saiu da cerca
SYD5G56,Descarga INO,31/07/2025 20:50,31/07/2025 21:30,39m,Saiu da cerca
SYD5G15,Terminal Inocencia,31/07/2025 20:50,31/07/2025 23:51,3h 1m,Saiu da cerca
SYD5G15,Patio Carregado INO,31/07/2025 20:50,31/07/2025 23:27,2h 37m,Saiu da cerca
SYE7D12,Posto Mutum,31/07/2025 20:57,31/07/2025 20:59,2m,Saiu da cerca
SYD5G57,Carregamento RRp,31/07/2025 20:58,31/07/2025 21:03,5m,Saiu da cerca
SYD5G25,Patio Carregado INO,31/07/2025 20:45,31/07/2025 20:47,1m,Saiu da cerca
SYD5G24,Carregamento RRp,31/07/2025 21:00,31/07/2025 21:13,13m,Saiu da cerca
SYD5G17,Agua Clara,31/07/2025 21:00,31/07/2025 22:41,1h 41m,Saiu da cerca
SYD5G32,Abastecimento Frotas RRP,31/07/2025 21:00,31/07/2025 21:11,10m,Saiu da cerca
SYL4A20,Abastecimento Frotas RRP,31/07/2025 21:00,31/07/2025 21:01,0m,Saiu da cerca
SYD5G35,Carregamento RRp,31/07/2025 21:01,31/07/2025 21:22,20m,Saiu da cerca
SYL4A20,Abastecimento Frotas RRP,31/07/2025 21:01,31/07/2025 21:02,1m,Saiu da cerca
SYL4A20,Pro LOG,31/07/2025 21:01,31/07/2025 21:02,1m,Saiu da cerca
SYD5G32,Pro LOG,31/07/2025 21:02,31/07/2025 21:11,8m,Saiu da cerca
SYD5G20,PA AGUA CLARA,31/07/2025 21:03,31/07/2025 22:27,1h 23m,Saiu da cerca
SYD5F99,Descarga INO,31/07/2025 20:55,31/07/2025 20:57,2m,Saiu da cerca
SYD5F99,Terminal Inocencia,31/07/2025 20:55,31/07/2025 20:57,2m,Saiu da cerca
SYD5F99,Desc. INO,31/07/2025 20:55,31/07/2025 20:57,2m,Saiu da cerca
SYD5F99,Descarga Inocencia,31/07/2025 20:55,31/07/2025 21:01,6m,Saiu da cerca
SYD5G53,Desc. INO,31/07/2025 20:45,31/07/2025 21:15,30m,Saiu da cerca
SMG5F48,Desc. INO,31/07/2025 20:46,31/07/2025 21:10,24m,Saiu da cerca
SYL4A20,Abastecimento Frotas RRP,31/07/2025 21:08,31/07/2025 21:11,2m,Saiu da cerca
SYL4A20,Pro LOG,31/07/2025 21:08,31/07/2025 21:11,2m,Saiu da cerca
SYD5G17,PA AGUA CLARA,31/07/2025 21:09,31/07/2025 22:39,1h 30m,Saiu da cerca
SYD5G30,Abastecimento Frotas RRP,31/07/2025 21:09,31/07/2025 21:17,8m,Saiu da cerca
SYD5G30,Pro LOG,31/07/2025 21:09,31/07/2025 21:17,8m,Saiu da cerca
SYL4A20,Carregamento Fabrica RRP,31/07/2025 21:11,31/07/2025 21:11,0m,Saiu da cerca
SYL4A20,Carregamento Fabrica RRP,31/07/2025 21:11,31/07/2025 21:20,9m,Saiu da cerca
SYD5F89,Descarga INO,31/07/2025 21:07,31/07/2025 21:49,42m,Saiu da cerca
SYD5F89,Patio Vazio INO,31/07/2025 21:07,31/07/2025 21:23,16m,Saiu da cerca
SYD5G32,Carregamento Fabrica RRP,31/07/2025 21:13,31/07/2025 22:43,1h 30m,Saiu da cerca
SYD5G32,Enlonamento RRP,31/07/2025 21:13,31/07/2025 21:18,5m,Saiu da cerca
SMG5F48,Patio Carregado INO,31/07/2025 21:10,31/07/2025 21:27,16m,Saiu da cerca
SYD5G24,Enlonamento RRP,31/07/2025 21:13,31/07/2025 21:36,22m,Saiu da cerca
QUA0J34,Desc. INO,31/07/2025 21:01,31/07/2025 21:14,13m,Saiu da cerca
SYD5G65,Buffer frotas ,31/07/2025 21:14,31/07/2025 21:34,19m,Saiu da cerca
SYE7D10,Descarga INO,31/07/2025 21:09,31/07/2025 21:39,30m,Saiu da cerca
SYE7D10,Terminal Inocencia,31/07/2025 21:09,31/07/2025 21:39,30m,Saiu da cerca
SYE7D10,Patio Vazio INO,31/07/2025 21:09,31/07/2025 21:31,21m,Saiu da cerca
SYD5G48,Posto Mutum,31/07/2025 21:15,31/07/2025 21:17,2m,Saiu da cerca
SYD5G57,Carregamento RRp,31/07/2025 21:15,31/07/2025 21:16,1m,Saiu da cerca
SYL5J46,Agua Clara,31/07/2025 21:15,31/07/2025 22:20,1h 4m,Saiu da cerca
SYL4A20,Enlonamento RRP,31/07/2025 21:15,31/07/2025 21:18,2m,Saiu da cerca
SYD5G30,Carregamento Fabrica RRP,31/07/2025 21:18,31/07/2025 22:55,1h 36m,Saiu da cerca
SYD5G32,Carregamento RRp,31/07/2025 21:19,31/07/2025 21:20,0m,Saiu da cerca
QUA0J34,Descarga INO,31/07/2025 21:14,31/07/2025 21:16,1m,Saiu da cerca
QUA0J34,Patio Vazio INO,31/07/2025 21:14,31/07/2025 21:16,1m,Saiu da cerca
QUA0J34,Patio Carregado INO,31/07/2025 21:16,31/07/2025 21:39,23m,Saiu da cerca
SYD5G57,Carregamento RRp,31/07/2025 21:20,31/07/2025 21:29,9m,Saiu da cerca
SYL4A20,Carregamento RRp,31/07/2025 21:20,31/07/2025 21:42,21m,Saiu da cerca
SYL4A20,Carregamento Fabrica RRP,31/07/2025 21:20,31/07/2025 22:12,51m,Saiu da cerca
SYD5G53,Patio Carregado INO,31/07/2025 21:15,31/07/2025 21:19,4m,Saiu da cerca
SYD5G35,Enlonamento RRP,31/07/2025 21:22,31/07/2025 21:33,11m,Saiu da cerca
SYD5G06,Descarga INO,31/07/2025 21:05,31/07/2025 21:23,17m,Saiu da cerca
SYD5G06,Desc. INO,31/07/2025 21:05,31/07/2025 21:23,17m,Saiu da cerca
SYD5G30,Enlonamento RRP,31/07/2025 21:23,31/07/2025 21:26,2m,Saiu da cerca
SYL5J46,PA AGUA CLARA,31/07/2025 21:25,31/07/2025 21:40,15m,Saiu da cerca
SYD5G06,Descarga INO,31/07/2025 21:25,31/07/2025 21:27,2m,Saiu da cerca
SYD5G06,Terminal Inocencia,31/07/2025 21:25,31/07/2025 21:36,10m,Saiu da cerca
SYD5G06,Patio Vazio INO,31/07/2025 21:25,31/07/2025 21:27,2m,Saiu da cerca
SYD5G06,Descarga Inocencia,31/07/2025 21:25,31/07/2025 21:38,12m,Saiu da cerca
SYD5G06,Patio Carregado INO,31/07/2025 21:27,31/07/2025 21:36,8m,Saiu da cerca
RWD4B32,Agua Clara,31/07/2025 21:27,31/07/2025 22:27,59m,Saiu da cerca
SYE7D12,Agua Clara,31/07/2025 21:29,31/07/2025 21:49,20m,Saiu da cerca
SYD5G57,Enlonamento RRP,31/07/2025 21:29,31/07/2025 21:30,1m,Saiu da cerca
SYD5G32,Carregamento RRp,31/07/2025 21:30,31/07/2025 21:39,8m,Saiu da cerca
SYD5G56,Desc. INO,31/07/2025 21:10,31/07/2025 21:30,20m,Saiu da cerca
SYD5G02,Descarga INO,31/07/2025 21:29,31/07/2025 22:14,44m,Saiu da cerca
SYD5G02,Patio Vazio INO,31/07/2025 21:29,31/07/2025 21:45,15m,Saiu da cerca
SYD5G36,Terminal Inocencia,31/07/2025 21:27,01/08/2025 09:55,12h 28m,Saiu da cerca
SYD5G36,Patio Carregado INO,31/07/2025 21:27,31/07/2025 22:00,33m,Saiu da cerca
SYD5G36,Descarga Inocencia,31/07/2025 21:27,01/08/2025 09:57,12h 30m,Saiu da cerca
SYD5G57,Enlonamento RRP,31/07/2025 21:33,31/07/2025 21:36,2m,Saiu da cerca
SYD5G18,Carregamento RRp,31/07/2025 21:34,31/07/2025 21:49,15m,Saiu da cerca
SYD5G18,Carregamento Fabrica RRP,31/07/2025 21:34,31/07/2025 23:16,1h 42m,Saiu da cerca
SMG9E17,Oficina JSL,31/07/2025 21:36,31/07/2025 22:19,43m,Saiu da cerca
SYD5G24,Buffer frotas ,31/07/2025 21:38,31/07/2025 22:00,22m,Saiu da cerca
SMG2D73,Descarga Inocencia,31/07/2025 21:32,31/07/2025 21:34,2m,Saiu da cerca
SYD5G56,Descarga INO,31/07/2025 21:34,31/07/2025 21:36,2m,Saiu da cerca
SYD5G56,Terminal Inocencia,31/07/2025 21:34,31/07/2025 21:52,17m,Saiu da cerca
SYD5G56,Patio Vazio INO,31/07/2025 21:34,31/07/2025 21:36,2m,Saiu da cerca
SYD5G56,Descarga Inocencia,31/07/2025 21:34,31/07/2025 21:55,20m,Saiu da cerca
SYD5G56,Patio Carregado INO,31/07/2025 21:36,31/07/2025 21:52,15m,Saiu da cerca
SYD5G28,Agua Clara,31/07/2025 21:39,31/07/2025 21:47,8m,Saiu da cerca
SYD5F96,Agua Clara,31/07/2025 21:40,01/08/2025 02:29,4h 49m,Saiu da cerca
SYL4A15,Agua Clara,31/07/2025 21:40,31/07/2025 22:01,21m,Saiu da cerca
SYD5G52,Descarga INO,31/07/2025 21:34,31/07/2025 22:05,30m,Saiu da cerca
SYD5G19,Descarga Inocencia,31/07/2025 21:30,31/07/2025 23:09,1h 39m,Saiu da cerca
SYD5G35,Enlonamento RRP,31/07/2025 21:41,31/07/2025 21:44,2m,Saiu da cerca
SYE7D10,Desc. INO,31/07/2025 21:31,31/07/2025 21:39,8m,Saiu da cerca
SYD5F91,Desc. INO,31/07/2025 21:23,31/07/2025 21:40,16m,Saiu da cerca
SYD5G34,Agua Clara,31/07/2025 21:42,31/07/2025 22:07,25m,Saiu da cerca
SYD5G57,Enlonamento RRP,31/07/2025 21:42,31/07/2025 21:53,10m,Saiu da cerca
SYE7D10,Descarga INO,31/07/2025 21:41,31/07/2025 21:43,1m,Saiu da cerca
SYE7D10,Terminal Inocencia,31/07/2025 21:41,01/08/2025 03:20,5h 38m,Saiu da cerca
SYE7D10,Patio Vazio INO,31/07/2025 21:41,31/07/2025 21:43,1m,Saiu da cerca
SYE7D10,Descarga Inocencia,31/07/2025 21:41,01/08/2025 03:22,5h 40m,Saiu da cerca
SYD5F96,PA AGUA CLARA,31/07/2025 21:44,01/08/2025 01:05,3h 21m,Saiu da cerca
SYE7D10,Patio Carregado INO,31/07/2025 21:43,01/08/2025 03:20,5h 36m,Saiu da cerca
SYD5G35,Buffer frotas ,31/07/2025 21:44,31/07/2025 21:58,14m,Saiu da cerca
SYD5G30,Carregamento RRp,31/07/2025 21:44,31/07/2025 21:59,14m,Saiu da cerca
SYD5G48,Agua Clara,31/07/2025 21:45,31/07/2025 21:56,11m,Saiu da cerca
SYD5G38,Agua Clara,31/07/2025 21:49,31/07/2025 21:57,8m,Saiu da cerca
SYD5F91,Descarga INO,31/07/2025 21:42,31/07/2025 21:44,2m,Saiu da cerca
SYD5F91,Terminal Inocencia,31/07/2025 21:42,31/07/2025 21:52,10m,Saiu da cerca
SYD5F91,Patio Vazio INO,31/07/2025 21:42,31/07/2025 21:44,2m,Saiu da cerca
SYD5F91,Patio Carregado INO,31/07/2025 21:44,31/07/2025 21:52,8m,Saiu da cerca
SYD5F89,Desc. INO,31/07/2025 21:23,31/07/2025 21:49,25m,Saiu da cerca
SYD5G50,Terminal Inocencia,31/07/2025 21:46,31/07/2025 23:18,1h 32m,Saiu da cerca
SYD5G50,Patio Carregado INO,31/07/2025 21:46,31/07/2025 22:33,46m,Saiu da cerca
SYD5G50,Descarga Inocencia,31/07/2025 21:46,31/07/2025 23:20,1h 34m,Saiu da cerca
SMG9I17,Agua Clara,31/07/2025 21:48,01/08/2025 00:53,3h 4m,Saiu da cerca
SYD5G32,Carregamento RRp,31/07/2025 21:54,31/07/2025 22:22,28m,Saiu da cerca
SYD5G57,Buffer frotas ,31/07/2025 21:54,31/07/2025 22:06,11m,Saiu da cerca
SYD5G04,Agua Clara,31/07/2025 21:54,01/08/2025 01:34,3h 39m,Saiu da cerca
SYD5F89,Descarga INO,31/07/2025 21:53,31/07/2025 21:54,1m,Saiu da cerca
SYD5F89,Terminal Inocencia,31/07/2025 21:53,31/07/2025 21:54,1m,Saiu da cerca
SYD5F89,Patio Vazio INO,31/07/2025 21:53,31/07/2025 21:54,1m,Saiu da cerca
SYD5F89,Descarga Inocencia,31/07/2025 21:53,31/07/2025 21:56,3m,Saiu da cerca
SYD5G63,Terminal Inocencia,31/07/2025 21:49,31/07/2025 23:26,1h 36m,Saiu da cerca
SYD5G63,Patio Carregado INO,31/07/2025 21:49,31/07/2025 22:41,52m,Saiu da cerca
SYD5G63,Descarga Inocencia,31/07/2025 21:49,31/07/2025 23:28,1h 38m,Saiu da cerca
SYL5J46,PA AGUA CLARA,31/07/2025 21:59,31/07/2025 22:18,19m,Saiu da cerca
SYD5G27,Agua Clara,31/07/2025 22:00,31/07/2025 22:08,8m,Saiu da cerca
FOW8J57,Descarga INO,31/07/2025 21:54,31/07/2025 22:22,28m,Saiu da cerca
FOW8J57,Patio Vazio INO,31/07/2025 21:54,31/07/2025 22:11,16m,Saiu da cerca
SYD5G36,Descarga INO,31/07/2025 22:00,31/07/2025 22:33,32m,Saiu da cerca
SYD5G36,Patio Vazio INO,31/07/2025 22:00,31/07/2025 22:12,12m,Saiu da cerca
SYD5G19,Terminal Inocencia,31/07/2025 21:32,31/07/2025 23:05,1h 33m,Saiu da cerca
SYD5G19,Patio Carregado INO,31/07/2025 21:32,31/07/2025 22:30,58m,Saiu da cerca
SYD5G58,Agua Clara,31/07/2025 22:03,31/07/2025 22:30,27m,Saiu da cerca
SYD5G31,Terminal Inocencia,31/07/2025 21:57,01/08/2025 00:43,2h 45m,Saiu da cerca
SYD5G31,Patio Carregado INO,31/07/2025 21:57,31/07/2025 22:45,48m,Saiu da cerca
SYD5G31,Descarga Inocencia,31/07/2025 21:57,01/08/2025 00:47,2h 49m,Saiu da cerca
SYD5G52,Desc. INO,31/07/2025 21:53,31/07/2025 22:05,11m,Saiu da cerca
SYL4A18,Agua Clara,31/07/2025 22:01,31/07/2025 22:35,34m,Saiu da cerca
SYD5G04,PA AGUA CLARA,31/07/2025 22:03,01/08/2025 01:34,3h 30m,Saiu da cerca
SMG9C17,Descarga Inocencia,31/07/2025 21:58,31/07/2025 23:45,1h 47m,Saiu da cerca
SMG6H57,Abastecimento Frotas RRP,31/07/2025 22:05,31/07/2025 22:18,12m,Saiu da cerca
SYD5G02,Desc. INO,31/07/2025 21:45,31/07/2025 22:14,29m,Saiu da cerca
SYD5G52,Patio Carregado INO,31/07/2025 22:05,31/07/2025 22:16,11m,Saiu da cerca
SMG9C17,Terminal Inocencia,31/07/2025 22:00,31/07/2025 23:44,1h 43m,Saiu da cerca
SMG9C17,Patio Carregado INO,31/07/2025 22:00,31/07/2025 23:08,1h 7m,Saiu da cerca
SYD5G30,Carregamento RRp,31/07/2025 22:06,31/07/2025 22:08,2m,Saiu da cerca
QTQ0F44,Terminal Inocencia,31/07/2025 22:02,31/07/2025 23:46,1h 44m,Saiu da cerca
QTQ0F44,Patio Carregado INO,31/07/2025 22:02,31/07/2025 23:30,1h 28m,Saiu da cerca
QTQ0F44,Descarga Inocencia,31/07/2025 22:02,31/07/2025 23:46,1h 44m,Saiu da cerca
SYD5G67,Agua Clara,31/07/2025 22:06,31/07/2025 22:17,10m,Saiu da cerca
SYD5G01,Abastecimento Frotas RRP,31/07/2025 22:07,31/07/2025 22:19,11m,Saiu da cerca
SYD5G01,Pro LOG,31/07/2025 22:07,31/07/2025 22:19,11m,Saiu da cerca
SMG6H57,Pro LOG,31/07/2025 22:07,31/07/2025 22:18,10m,Saiu da cerca
SYD5F90,Abastecimento Frotas RRP,31/07/2025 22:07,31/07/2025 22:19,11m,Saiu da cerca
SYD5F90,Pro LOG,31/07/2025 22:07,31/07/2025 22:19,11m,Saiu da cerca
SYL4A18,PA AGUA CLARA,31/07/2025 22:10,31/07/2025 22:33,23m,Saiu da cerca
SYE7D14,Abastecimento Frotas RRP,31/07/2025 22:13,31/07/2025 22:25,12m,Saiu da cerca
SYD5G02,Patio Carregado INO,31/07/2025 22:14,31/07/2025 22:17,3m,Saiu da cerca
SYD5G44,Descarga INO,31/07/2025 22:09,31/07/2025 22:36,26m,Saiu da cerca
SYD5G44,Patio Vazio INO,31/07/2025 22:09,31/07/2025 22:16,6m,Saiu da cerca
SYE7D14,Pro LOG,31/07/2025 22:16,31/07/2025 22:25,8m,Saiu da cerca
SYD5G51,Posto Mutum,31/07/2025 22:17,31/07/2025 22:19,2m,Saiu da cerca
SYD5G01,Carregamento Fabrica RRP,31/07/2025 22:19,31/07/2025 23:05,46m,Saiu da cerca
SYE7D13,Descarga INO,31/07/2025 22:06,31/07/2025 22:24,18m,Saiu da cerca
SYE7D13,Desc. INO,31/07/2025 22:06,31/07/2025 22:24,18m,Saiu da cerca
SYD5G30,Carregamento RRp,31/07/2025 22:21,31/07/2025 22:42,20m,Saiu da cerca
FOW8J57,Desc. INO,31/07/2025 22:11,31/07/2025 22:22,11m,Saiu da cerca
SMG9E17,Oficina JSL,31/07/2025 22:21,31/07/2025 22:23,2m,Saiu da cerca
SYD5G65,Posto Mutum,31/07/2025 22:21,31/07/2025 22:23,2m,Saiu da cerca
SMG6H57,Carregamento Fabrica RRP,31/07/2025 22:22,31/07/2025 23:33,1h 11m,Saiu da cerca
SMG6H57,Enlonamento RRP,31/07/2025 22:22,31/07/2025 22:30,8m,Saiu da cerca
SYD5F90,Carregamento Fabrica RRP,31/07/2025 22:22,31/07/2025 23:28,1h 5m,Saiu da cerca
SYD5F90,Enlonamento RRP,31/07/2025 22:22,31/07/2025 22:30,8m,Saiu da cerca
SYL4A20,Carregamento Fabrica RRP,31/07/2025 22:22,31/07/2025 22:43,20m,Saiu da cerca
SYL4A20,Enlonamento RRP,31/07/2025 22:22,31/07/2025 22:40,17m,Saiu da cerca
SYD5G01,Enlonamento RRP,31/07/2025 22:23,31/07/2025 22:25,2m,Saiu da cerca
FOW8J57,Patio Carregado INO,31/07/2025 22:22,31/07/2025 22:32,10m,Saiu da cerca
SYE7D14,Carregamento Fabrica RRP,31/07/2025 22:25,31/07/2025 23:48,1h 23m,Saiu da cerca
SYE7D13,Patio Carregado INO,31/07/2025 22:24,01/08/2025 19:02,20h 37m,Saiu da cerca
SYE7D14,Enlonamento RRP,31/07/2025 22:25,31/07/2025 22:36,10m,Saiu da cerca
SYD5F95,Agua Clara,31/07/2025 22:27,31/07/2025 22:40,13m,Saiu da cerca
SYD5G36,Desc. INO,31/07/2025 22:12,31/07/2025 22:33,20m,Saiu da cerca
SYD5G32,Enlonamento RRP,31/07/2025 22:24,31/07/2025 22:28,4m,Saiu da cerca
RWB3C06,Agua Clara,31/07/2025 22:31,31/07/2025 23:11,40m,Saiu da cerca
SMH0F11,Agua Clara,31/07/2025 22:32,31/07/2025 23:11,39m,Saiu da cerca
SYD5G01,Carregamento RRp,31/07/2025 22:32,31/07/2025 22:41,9m,Saiu da cerca
SMG9E17,Abastecimento Frotas RRP,31/07/2025 22:32,31/07/2025 22:48,15m,Saiu da cerca
SMG9E17,Pro LOG,31/07/2025 22:32,31/07/2025 22:48,15m,Saiu da cerca
SMG6H57,Carregamento RRp,31/07/2025 22:33,31/07/2025 22:33,0m,Saiu da cerca
SYD5F95,PA AGUA CLARA,31/07/2025 22:35,31/07/2025 22:40,5m,Saiu da cerca
SYD5G44,Desc. INO,31/07/2025 22:25,31/07/2025 22:36,10m,Saiu da cerca
SYD5G36,Patio Carregado INO,31/07/2025 22:33,01/08/2025 09:55,11h 22m,Saiu da cerca
SYD5G50,Descarga INO,31/07/2025 22:33,31/07/2025 23:12,39m,Saiu da cerca
SYD5G50,Patio Vazio INO,31/07/2025 22:33,31/07/2025 22:48,15m,Saiu da cerca
SYE4C10,Agua Clara,31/07/2025 22:40,31/07/2025 22:46,6m,Saiu da cerca
SYD5G21,Agua Clara,31/07/2025 22:40,31/07/2025 22:53,12m,Saiu da cerca
SYD5F95,Agua Clara,31/07/2025 22:41,31/07/2025 22:42,0m,Saiu da cerca
SYD5F95,PA AGUA CLARA,31/07/2025 22:41,31/07/2025 22:42,0m,Saiu da cerca
SMG6H57,Carregamento RRp,31/07/2025 22:41,31/07/2025 23:04,22m,Saiu da cerca
SYD5G30,Enlonamento RRP,31/07/2025 22:42,31/07/2025 22:43,1m,Saiu da cerca
SYL4A20,Buffer frotas ,31/07/2025 22:43,31/07/2025 23:22,39m,Saiu da cerca
SYD5G44,Terminal Inocencia,31/07/2025 22:43,01/08/2025 05:54,7h 11m,Saiu da cerca
SYD5G44,Patio Carregado INO,31/07/2025 22:43,01/08/2025 05:54,7h 11m,Saiu da cerca
SYD5G32,Buffer frotas ,31/07/2025 22:43,31/07/2025 23:07,23m,Saiu da cerca
SYD5G33,Terminal Inocencia,31/07/2025 22:38,31/07/2025 23:50,1h 12m,Saiu da cerca
SYD5G33,Patio Carregado INO,31/07/2025 22:38,31/07/2025 23:10,32m,Saiu da cerca
SYD5G33,Descarga Inocencia,31/07/2025 22:38,31/07/2025 23:54,1h 16m,Saiu da cerca
SYD5F95,Agua Clara,31/07/2025 22:43,31/07/2025 22:52,8m,Saiu da cerca
SYD5F95,PA AGUA CLARA,31/07/2025 22:43,31/07/2025 22:52,8m,Saiu da cerca
SYD5G61,Agua Clara,31/07/2025 22:40,31/07/2025 22:52,12m,Saiu da cerca
SYD5G35,Posto Mutum,31/07/2025 22:46,31/07/2025 22:48,2m,Saiu da cerca
SYD5G31,Descarga INO,31/07/2025 22:45,31/07/2025 23:10,25m,Saiu da cerca
SYD5G31,Patio Vazio INO,31/07/2025 22:45,31/07/2025 23:05,19m,Saiu da cerca
SYD5G51,Agua Clara,31/07/2025 22:49,31/07/2025 22:55,5m,Saiu da cerca
SYD5G65,Agua Clara,31/07/2025 22:49,01/08/2025 00:31,1h 41m,Saiu da cerca
SMG9E17,Carregamento Fabrica RRP,31/07/2025 22:50,01/08/2025 00:00,1h 10m,Saiu da cerca
SMG9E17,Enlonamento RRP,31/07/2025 22:50,31/07/2025 23:01,11m,Saiu da cerca
SYD5F99,Agua Clara,31/07/2025 22:51,01/08/2025 04:06,5h 14m,Saiu da cerca
SYD5F90,Carregamento RRp,31/07/2025 22:51,31/07/2025 23:13,21m,Saiu da cerca
SYD5G01,Enlonamento RRP,31/07/2025 22:51,31/07/2025 22:53,2m,Saiu da cerca
SYD5G51,PA AGUA CLARA,31/07/2025 22:51,31/07/2025 22:55,3m,Saiu da cerca
SYD5G19,Descarga INO,31/07/2025 22:30,31/07/2025 23:01,31m,Saiu da cerca
SYD5G19,Patio Vazio INO,31/07/2025 22:30,31/07/2025 22:46,16m,Saiu da cerca
SYD5G19,Desc. INO,31/07/2025 22:46,31/07/2025 23:01,15m,Saiu da cerca
SMG9B17,Agua Clara,31/07/2025 22:51,31/07/2025 22:59,8m,Saiu da cerca
SYD5F93,Agua Clara,31/07/2025 22:55,31/07/2025 23:04,9m,Saiu da cerca
SYD5G65,PA AGUA CLARA,31/07/2025 22:55,01/08/2025 00:25,1h 29m,Saiu da cerca
SMG2D73,Descarga INO,31/07/2025 22:41,31/07/2025 22:55,14m,Saiu da cerca
SMG2D73,Terminal Inocencia,31/07/2025 22:41,31/07/2025 23:09,27m,Saiu da cerca
SMG2D73,Desc. INO,31/07/2025 22:41,31/07/2025 22:59,17m,Saiu da cerca
SMG2D73,Descarga Inocencia,31/07/2025 22:41,31/07/2025 23:19,37m,Saiu da cerca
SYD5G51,Agua Clara,31/07/2025 22:56,31/07/2025 22:57,0m,Saiu da cerca
SYD5G51,PA AGUA CLARA,31/07/2025 22:56,31/07/2025 22:57,0m,Saiu da cerca
SYD5G25,Agua Clara,31/07/2025 22:57,01/08/2025 00:08,1h 10m,Saiu da cerca
SYD5F99,PA AGUA CLARA,31/07/2025 23:00,01/08/2025 04:06,5h 5m,Saiu da cerca
SYD5G37,Abastecimento Frotas RRP,31/07/2025 23:02,31/07/2025 23:10,8m,Saiu da cerca
SYD5G37,Pro LOG,31/07/2025 23:02,31/07/2025 23:10,8m,Saiu da cerca
SYD5G19,Patio Vazio INO,31/07/2025 23:01,31/07/2025 23:05,4m,Saiu da cerca
SYD5G28,Abastecimento Frotas RRP,31/07/2025 23:02,31/07/2025 23:13,10m,Saiu da cerca
SYD5G28,Pro LOG,31/07/2025 23:02,31/07/2025 23:13,10m,Saiu da cerca
SYD5F93,PA AGUA CLARA,31/07/2025 23:03,31/07/2025 23:04,1m,Saiu da cerca
SMG6H57,Enlonamento RRP,31/07/2025 23:04,31/07/2025 23:06,2m,Saiu da cerca
SYD5G63,Descarga INO,31/07/2025 22:41,31/07/2025 23:06,25m,Saiu da cerca
SYD5G63,Patio Vazio INO,31/07/2025 22:41,31/07/2025 22:49,8m,Saiu da cerca
SYD5G30,Carregamento Fabrica RRP,31/07/2025 22:55,31/07/2025 22:58,2m,Saiu da cerca
SYD5G30,Enlonamento RRP,31/07/2025 22:55,31/07/2025 22:56,0m,Saiu da cerca
SYD5G30,Buffer frotas ,31/07/2025 22:58,31/07/2025 23:05,7m,Saiu da cerca
SYE7D14,Carregamento RRp,31/07/2025 23:05,31/07/2025 23:20,15m,Saiu da cerca
SYD5F93,Agua Clara,31/07/2025 23:05,31/07/2025 23:13,8m,Saiu da cerca
SYD5F93,PA AGUA CLARA,31/07/2025 23:05,31/07/2025 23:13,8m,Saiu da cerca
SYD5G63,Desc. INO,31/07/2025 22:49,31/07/2025 23:06,17m,Saiu da cerca
SYD5G25,PA AGUA CLARA,31/07/2025 23:07,01/08/2025 00:08,1h 0m,Saiu da cerca
SYE7D16,Agua Clara,31/07/2025 23:07,31/07/2025 23:16,9m,Saiu da cerca
SYD5G16,Terminal Inocencia,31/07/2025 23:03,01/08/2025 06:05,7h 2m,Saiu da cerca
SYD5G16,Patio Carregado INO,31/07/2025 23:03,31/07/2025 23:26,22m,Saiu da cerca
SYD5G16,Descarga Inocencia,31/07/2025 23:03,01/08/2025 06:09,7h 6m,Saiu da cerca
SYD5G51,Agua Clara,31/07/2025 23:08,01/08/2025 05:20,6h 12m,Saiu da cerca
SYD5G51,PA AGUA CLARA,31/07/2025 23:08,01/08/2025 05:12,6h 4m,Saiu da cerca
SYL4A15,Oficina JSL,31/07/2025 23:09,31/07/2025 23:55,46m,Saiu da cerca
SMG2D73,Descarga INO,31/07/2025 22:57,31/07/2025 23:01,4m,Saiu da cerca
SMG2D73,Patio Vazio INO,31/07/2025 22:59,31/07/2025 23:09,10m,Saiu da cerca
SYD5G38,Abastecimento Frotas RRP,31/07/2025 23:09,31/07/2025 23:17,8m,Saiu da cerca
SYD5G38,Pro LOG,31/07/2025 23:09,31/07/2025 23:17,8m,Saiu da cerca
SYD5F95,Agua Clara,31/07/2025 23:03,31/07/2025 23:24,20m,Saiu da cerca
SYD5F95,PA AGUA CLARA,31/07/2025 23:03,31/07/2025 23:22,18m,Saiu da cerca
SYD5G50,Desc. INO,31/07/2025 22:48,31/07/2025 23:12,23m,Saiu da cerca
SYD5G22,Descarga Inocencia,31/07/2025 22:26,31/07/2025 23:56,1h 30m,Saiu da cerca
SYD5G22,Terminal Inocencia,31/07/2025 22:28,31/07/2025 23:50,1h 22m,Saiu da cerca
SYD5G22,Patio Carregado INO,31/07/2025 22:28,31/07/2025 22:55,26m,Saiu da cerca
SYD5G22,Descarga INO,31/07/2025 22:55,31/07/2025 23:44,49m,Saiu da cerca
SYD5G22,Patio Vazio INO,31/07/2025 22:55,31/07/2025 23:22,26m,Saiu da cerca
SYD5G63,Patio Vazio INO,31/07/2025 23:06,31/07/2025 23:07,0m,Saiu da cerca
SYD5G63,Patio Carregado INO,31/07/2025 23:07,31/07/2025 23:26,18m,Saiu da cerca
SYD5G37,Carregamento Fabrica RRP,31/07/2025 23:12,01/08/2025 00:10,57m,Saiu da cerca
SYD5G37,Enlonamento RRP,31/07/2025 23:13,31/07/2025 23:20,6m,Saiu da cerca
SYD5G50,Patio Carregado INO,31/07/2025 23:12,31/07/2025 23:18,6m,Saiu da cerca
SYD5F90,Enlonamento RRP,31/07/2025 23:13,31/07/2025 23:28,14m,Saiu da cerca
SYD5G28,Carregamento Fabrica RRP,31/07/2025 23:14,01/08/2025 00:14,59m,Saiu da cerca
SYD5G53,Agua Clara,31/07/2025 23:15,31/07/2025 23:38,23m,Saiu da cerca
SYD5G35,Agua Clara,31/07/2025 23:15,01/08/2025 01:23,2h 8m,Saiu da cerca
SYD5G01,Buffer frotas ,31/07/2025 23:15,31/07/2025 23:26,11m,Saiu da cerca
SYD5F93,Agua Clara,31/07/2025 23:15,31/07/2025 23:18,2m,Saiu da cerca
SYD5G33,Descarga INO,31/07/2025 23:10,31/07/2025 23:42,32m,Saiu da cerca
SYD5G33,Patio Vazio INO,31/07/2025 23:10,31/07/2025 23:28,18m,Saiu da cerca
SMG9E17,Carregamento RRp,31/07/2025 23:17,31/07/2025 23:32,14m,Saiu da cerca
SYD5G38,Carregamento Fabrica RRP,31/07/2025 23:18,01/08/2025 00:15,57m,Saiu da cerca
SYD5G38,Enlonamento RRP,31/07/2025 23:18,31/07/2025 23:30,12m,Saiu da cerca
SYD5G35,PA AGUA CLARA,31/07/2025 23:19,01/08/2025 01:15,1h 56m,Saiu da cerca
SYD5G27,Abastecimento Frotas RRP,31/07/2025 23:20,31/07/2025 23:27,7m,Saiu da cerca
SYD5G27,Pro LOG,31/07/2025 23:20,31/07/2025 23:27,7m,Saiu da cerca
SYE7D14,Enlonamento RRP,31/07/2025 23:20,31/07/2025 23:21,0m,Saiu da cerca
SYD5G05,Descarga INO,31/07/2025 22:45,31/07/2025 23:22,37m,Saiu da cerca
SYD5G05,Patio Vazio INO,31/07/2025 22:45,31/07/2025 22:52,7m,Saiu da cerca
SYD5G24,Agua Clara,31/07/2025 23:22,01/08/2025 07:56,8h 34m,Saiu da cerca
SYD5G37,Carregamento RRp,31/07/2025 23:22,31/07/2025 23:24,2m,Saiu da cerca
SYD5G05,Desc. INO,31/07/2025 22:52,31/07/2025 23:22,30m,Saiu da cerca
SYD5G05,Patio Carregado INO,31/07/2025 23:22,31/07/2025 23:34,12m,Saiu da cerca
SYD5G57,Agua Clara,31/07/2025 23:23,31/07/2025 23:31,8m,Saiu da cerca
SYD5G31,Desc. INO,31/07/2025 23:05,31/07/2025 23:24,19m,Saiu da cerca
SYD5G31,Descarga INO,31/07/2025 23:22,31/07/2025 23:24,2m,Saiu da cerca
SYD5G31,Patio Carregado INO,31/07/2025 23:24,01/08/2025 00:43,1h 18m,Saiu da cerca
SYD5G24,PA AGUA CLARA,31/07/2025 23:25,01/08/2025 05:58,6h 33m,Saiu da cerca
SYD5G37,Carregamento RRp,31/07/2025 23:26,31/07/2025 23:33,6m,Saiu da cerca
QUA0J34,Agua Clara,31/07/2025 23:27,01/08/2025 03:16,3h 49m,Saiu da cerca
SYD5G16,Descarga INO,31/07/2025 23:26,01/08/2025 00:01,35m,Saiu da cerca
SYD5G16,Patio Vazio INO,31/07/2025 23:26,31/07/2025 23:38,12m,Saiu da cerca
SYD5G15,Descarga INO,31/07/2025 23:27,31/07/2025 23:51,24m,Saiu da cerca
SYD5G15,Patio Vazio INO,31/07/2025 23:27,31/07/2025 23:34,7m,Saiu da cerca
SYD5G27,Carregamento Fabrica RRP,31/07/2025 23:28,01/08/2025 00:52,1h 24m,Saiu da cerca
SYD5F90,Buffer frotas ,31/07/2025 23:28,31/07/2025 23:50,21m,Saiu da cerca
SYD5G67,Abastecimento Frotas RRP,31/07/2025 23:29,31/07/2025 23:38,8m,Saiu da cerca
SYD5G67,Pro LOG,31/07/2025 23:29,31/07/2025 23:38,8m,Saiu da cerca
SMG5F48,Agua Clara,31/07/2025 23:30,31/07/2025 23:36,6m,Saiu da cerca
SMG9C17,Descarga INO,31/07/2025 23:08,31/07/2025 23:32,24m,Saiu da cerca
SMG9C17,Patio Vazio INO,31/07/2025 23:08,31/07/2025 23:22,14m,Saiu da cerca
SMG9C17,Desc. INO,31/07/2025 23:22,31/07/2025 23:31,9m,Saiu da cerca
SYE7D14,Enlonamento RRP,31/07/2025 23:33,31/07/2025 23:35,2m,Saiu da cerca
SMG9E17,Enlonamento RRP,31/07/2025 23:34,31/07/2025 23:45,11m,Saiu da cerca
SMG6H57,Buffer frotas ,31/07/2025 23:34,31/07/2025 23:54,19m,Saiu da cerca
QTQ0F44,Descarga INO,31/07/2025 23:30,31/07/2025 23:46,15m,Saiu da cerca
QTQ0F44,Desc. INO,31/07/2025 23:30,31/07/2025 23:46,15m,Saiu da cerca
SMG9C17,Patio Vazio INO,31/07/2025 23:31,31/07/2025 23:32,0m,Saiu da cerca
RWD4B32,Carregamento Fabrica RRP,31/07/2025 23:40,01/08/2025 01:17,1h 37m,Saiu da cerca
RWD4B32,Enlonamento RRP,31/07/2025 23:40,31/07/2025 23:53,13m,Saiu da cerca
SYD5G67,Carregamento Fabrica RRP,31/07/2025 23:40,01/08/2025 00:46,1h 5m,Saiu da cerca
SYD5G67,Enlonamento RRP,31/07/2025 23:40,31/07/2025 23:48,8m,Saiu da cerca
SYD5G28,Carregamento RRp,31/07/2025 23:41,01/08/2025 00:01,20m,Saiu da cerca
SYD5G22,Desc. INO,31/07/2025 23:22,31/07/2025 23:40,17m,Saiu da cerca
SYD5G22,Patio Vazio INO,31/07/2025 23:40,31/07/2025 23:50,10m,Saiu da cerca
SYD5G33,Desc. INO,31/07/2025 23:28,31/07/2025 23:46,17m,Saiu da cerca
SYD5F89,Agua Clara,31/07/2025 23:44,31/07/2025 23:53,9m,Saiu da cerca
SYD5G56,Agua Clara,31/07/2025 23:45,31/07/2025 23:52,7m,Saiu da cerca
SYD5G33,Patio Carregado INO,31/07/2025 23:46,31/07/2025 23:50,4m,Saiu da cerca
SYL5J46,Oficina JSL,31/07/2025 23:46,31/07/2025 23:48,2m,Saiu da cerca
SYD5F91,Agua Clara,31/07/2025 23:47,31/07/2025 23:54,7m,Saiu da cerca
SYE7D14,Buffer frotas ,31/07/2025 23:48,31/07/2025 23:59,11m,Saiu da cerca
SYL4A18,Abastecimento Frotas RRP,31/07/2025 23:49,01/08/2025 00:18,29m,Saiu da cerca
SYL4A18,Pro LOG,31/07/2025 23:50,01/08/2025 00:18,28m,Saiu da cerca
SYD5G38,Carregamento RRp,31/07/2025 23:50,31/07/2025 23:59,9m,Saiu da cerca
SYD5G67,Carregamento RRp,31/07/2025 23:50,31/07/2025 23:51,0m,Saiu da cerca
SYD5G56,PA AGUA CLARA,31/07/2025 23:50,31/07/2025 23:52,2m,Saiu da cerca
SYL5J46,Oficina JSL,31/07/2025 23:50,01/08/2025 01:06,1h 15m,Saiu da cerca
SYD5G17,Abastecimento Frotas RRP,31/07/2025 23:52,01/08/2025 00:18,26m,Saiu da cerca
SYD5G17,Pro LOG,31/07/2025 23:52,01/08/2025 00:18,26m,Saiu da cerca
SYD5G15,Desc. INO,31/07/2025 23:34,31/07/2025 23:51,16m,Saiu da cerca
SYE4C10,Abastecimento Frotas RRP,31/07/2025 23:57,01/08/2025 00:15,17m,Saiu da cerca
RWD4B32,Carregamento RRp,31/07/2025 23:57,31/07/2025 23:59,2m,Saiu da cerca
SYD5G23,Agua Clara,31/07/2025 23:59,01/08/2025 01:00,1h 0m,Saiu da cerca
SYD5G27,Carregamento RRp,31/07/2025 23:59,01/08/2025 00:23,24m,Saiu da cerca
SYD5G67,Carregamento RRp,01/08/2025 00:00,01/08/2025 00:02,2m,Saiu da cerca
SYD5G16,Desc. INO,31/07/2025 23:38,01/08/2025 00:01,23m,Saiu da cerca
SYL4A15,Abastecimento Frotas RRP,01/08/2025 00:01,01/08/2025 00:26,24m,Saiu da cerca
SYD5G28,Enlonamento RRP,01/08/2025 00:01,01/08/2025 00:02,1m,Saiu da cerca
SYD5G61,Abastecimento Frotas RRP,01/08/2025 00:02,01/08/2025 00:30,28m,Saiu da cerca
SYD5G15,Terminal Inocencia,31/07/2025 23:57,01/08/2025 05:58,6h 0m,Saiu da cerca
SYD5G15,Patio Carregado INO,31/07/2025 23:57,01/08/2025 05:58,6h 0m,Saiu da cerca
SYL4A15,Pro LOG,01/08/2025 00:04,01/08/2025 00:06,2m,Saiu da cerca
SYD5G38,Carregamento RRp,01/08/2025 00:04,01/08/2025 00:12,7m,Saiu da cerca
SYD5G21,Abastecimento Frotas RRP,01/08/2025 00:04,01/08/2025 00:32,27m,Saiu da cerca
SMG9E17,Buffer frotas ,01/08/2025 00:05,01/08/2025 00:28,22m,Saiu da cerca
SYD5G16,Patio Carregado INO,01/08/2025 00:01,01/08/2025 00:02,1m,Saiu da cerca
SMG5F48,Posto Mutum,01/08/2025 00:07,01/08/2025 01:24,1h 16m,Saiu da cerca
SYD5G02,Agua Clara,01/08/2025 00:08,01/08/2025 00:16,8m,Saiu da cerca
SYD5G23,PA AGUA CLARA,01/08/2025 00:09,01/08/2025 00:48,38m,Saiu da cerca
SYD5G48,Descarga Inocencia,01/08/2025 00:10,01/08/2025 01:32,1h 22m,Saiu da cerca
SYD5G37,Buffer frotas ,01/08/2025 00:11,01/08/2025 00:30,18m,Saiu da cerca
SYD5G38,Enlonamento RRP,01/08/2025 00:12,01/08/2025 00:15,3m,Saiu da cerca
SYD5G67,Carregamento RRp,01/08/2025 00:13,01/08/2025 00:17,3m,Saiu da cerca
SYD5G38,Buffer frotas ,01/08/2025 00:17,01/08/2025 03:26,3h 8m,Saiu da cerca
RWD4B32,Carregamento RRp,01/08/2025 00:17,01/08/2025 00:29,12m,Saiu da cerca
SYL4A15,Pro LOG,01/08/2025 00:17,01/08/2025 00:26,8m,Saiu da cerca
SYD5G01,Posto Mutum,01/08/2025 00:14,01/08/2025 00:16,2m,Saiu da cerca
SYD5G67,Carregamento RRp,01/08/2025 00:19,01/08/2025 00:41,22m,Saiu da cerca
SYL4A18,Carregamento Fabrica RRP,01/08/2025 00:19,01/08/2025 01:41,1h 21m,Saiu da cerca
SYL4A18,Enlonamento RRP,01/08/2025 00:19,01/08/2025 00:28,8m,Saiu da cerca
SYD5G28,Carregamento Fabrica RRP,01/08/2025 00:15,01/08/2025 00:27,11m,Saiu da cerca
SYD5G17,Carregamento Fabrica RRP,01/08/2025 00:20,01/08/2025 01:48,1h 28m,Saiu da cerca
SYD5G17,Enlonamento RRP,01/08/2025 00:20,01/08/2025 00:30,10m,Saiu da cerca
SYD5G30,Agua Clara,01/08/2025 00:21,01/08/2025 00:31,10m,Saiu da cerca
SYD5G48,Terminal Inocencia,01/08/2025 00:16,01/08/2025 00:41,24m,Saiu da cerca
SYD5G48,Patio Carregado INO,01/08/2025 00:16,01/08/2025 00:33,16m,Saiu da cerca
SYD5G32,Agua Clara,01/08/2025 00:21,01/08/2025 00:34,12m,Saiu da cerca
SYL4A20,Posto Mutum,01/08/2025 00:13,01/08/2025 00:15,2m,Saiu da cerca
SYE7D12,Terminal Inocencia,01/08/2025 00:19,01/08/2025 00:23,3m,Saiu da cerca
SYE7D12,Desc. INO,01/08/2025 00:19,01/08/2025 00:22,2m,Saiu da cerca
SYE7D12,Descarga Inocencia,01/08/2025 00:19,01/08/2025 00:23,3m,Saiu da cerca
SYE7D12,Descarga INO,01/08/2025 00:22,01/08/2025 00:23,1m,Saiu da cerca
SYE7D12,Patio Vazio INO,01/08/2025 00:22,01/08/2025 00:23,1m,Saiu da cerca
SYE4C10,Abastecimento Frotas RRP,01/08/2025 00:22,01/08/2025 00:25,2m,Saiu da cerca
SYE4C10,Pro LOG,01/08/2025 00:22,01/08/2025 00:25,2m,Saiu da cerca
SYE7D12,Terminal Inocencia,01/08/2025 00:24,01/08/2025 00:43,19m,Saiu da cerca
SYE7D12,Patio Carregado INO,01/08/2025 00:24,01/08/2025 00:41,17m,Saiu da cerca
SYE7D12,Descarga Inocencia,01/08/2025 00:24,01/08/2025 00:43,19m,Saiu da cerca
SYD5G21,Pro LOG,01/08/2025 00:24,01/08/2025 00:32,7m,Saiu da cerca
SYE4C10,Carregamento Fabrica RRP,01/08/2025 00:25,01/08/2025 01:06,40m,Saiu da cerca
SMH0F11,Abastecimento Frotas RRP,01/08/2025 00:27,01/08/2025 00:40,13m,Saiu da cerca
RWB3C06,Abastecimento Frotas RRP,01/08/2025 00:27,01/08/2025 00:39,12m,Saiu da cerca
SYE4C10,Enlonamento RRP,01/08/2025 00:27,01/08/2025 00:31,4m,Saiu da cerca
SYL4A15,Carregamento Fabrica RRP,01/08/2025 00:27,01/08/2025 01:52,1h 24m,Saiu da cerca
SYL4A15,Enlonamento RRP,01/08/2025 00:27,01/08/2025 00:37,10m,Saiu da cerca
SYD5G02,Agua Clara,01/08/2025 00:27,01/08/2025 00:28,1m,Saiu da cerca
SMH0F11,Pro LOG,01/08/2025 00:30,01/08/2025 00:40,10m,Saiu da cerca
SYD5G61,Carregamento Fabrica RRP,01/08/2025 00:30,01/08/2025 02:01,1h 30m,Saiu da cerca
RWB3C06,Pro LOG,01/08/2025 00:30,01/08/2025 00:39,8m,Saiu da cerca
SYD5G28,Carregamento Fabrica RRP,01/08/2025 00:31,01/08/2025 00:33,2m,Saiu da cerca
SYD5G27,Enlonamento RRP,01/08/2025 00:31,01/08/2025 00:33,1m,Saiu da cerca
SYD5G21,Carregamento Fabrica RRP,01/08/2025 00:32,01/08/2025 02:06,1h 34m,Saiu da cerca
SYD5G61,Enlonamento RRP,01/08/2025 00:32,01/08/2025 00:41,8m,Saiu da cerca
SYD5G21,Enlonamento RRP,01/08/2025 00:33,01/08/2025 00:41,8m,Saiu da cerca
SYD5G28,Buffer frotas ,01/08/2025 00:33,01/08/2025 01:06,32m,Saiu da cerca
SYE4C10,Carregamento RRp,01/08/2025 00:35,01/08/2025 00:40,5m,Saiu da cerca
SYD5F93,Abastecimento Frotas RRP,01/08/2025 00:35,01/08/2025 00:45,9m,Saiu da cerca
RWD4B32,Carregamento RRp,01/08/2025 00:36,01/08/2025 00:38,2m,Saiu da cerca
SYD5F95,Abastecimento Frotas RRP,01/08/2025 00:37,01/08/2025 00:47,10m,Saiu da cerca
SYD5F93,Pro LOG,01/08/2025 00:37,01/08/2025 00:45,7m,Saiu da cerca
SYD5F95,Pro LOG,01/08/2025 00:39,01/08/2025 00:47,8m,Saiu da cerca
RWD4B32,Carregamento RRp,01/08/2025 00:40,01/08/2025 00:51,10m,Saiu da cerca
SYD5G61,Carregamento RRp,01/08/2025 00:41,01/08/2025 00:43,2m,Saiu da cerca
RWB3C06,Carregamento Fabrica RRP,01/08/2025 00:41,01/08/2025 02:53,2h 12m,Saiu da cerca
RWB3C06,Enlonamento RRP,01/08/2025 00:41,01/08/2025 00:52,11m,Saiu da cerca
SYD5G48,Descarga INO,01/08/2025 00:33,01/08/2025 00:41,7m,Saiu da cerca
SYD5G48,Desc. INO,01/08/2025 00:33,01/08/2025 00:41,7m,Saiu da cerca
SYD5G01,Agua Clara,01/08/2025 00:42,01/08/2025 00:50,8m,Saiu da cerca
SMH0F11,Carregamento Fabrica RRP,01/08/2025 00:42,01/08/2025 02:53,2h 10m,Saiu da cerca
SYD5G58,Terminal Inocencia,01/08/2025 00:41,01/08/2025 01:20,39m,Saiu da cerca
SYD5G58,Patio Carregado INO,01/08/2025 00:41,01/08/2025 00:58,17m,Saiu da cerca
SYD5G58,Descarga Inocencia,01/08/2025 00:41,01/08/2025 01:36,55m,Saiu da cerca
SYD5F95,Carregamento Fabrica RRP,01/08/2025 00:47,01/08/2025 02:48,2h 1m,Saiu da cerca
SYD5F95,Enlonamento RRP,01/08/2025 00:47,01/08/2025 00:56,9m,Saiu da cerca
SYD5F93,Carregamento Fabrica RRP,01/08/2025 00:46,01/08/2025 02:27,1h 40m,Saiu da cerca
SYD5F93,Enlonamento RRP,01/08/2025 00:46,01/08/2025 00:56,9m,Saiu da cerca
SYD5G48,Terminal Inocencia,01/08/2025 00:45,01/08/2025 01:32,47m,Saiu da cerca
SYD5G48,Patio Carregado INO,01/08/2025 00:45,01/08/2025 01:32,47m,Saiu da cerca
SMG6H57,Posto Mutum,01/08/2025 00:49,01/08/2025 00:51,2m,Saiu da cerca
SYD5G53,Abastecimento Frotas RRP,01/08/2025 00:50,01/08/2025 00:58,7m,Saiu da cerca
SYD5G53,Pro LOG,01/08/2025 00:50,01/08/2025 00:58,7m,Saiu da cerca
SMH0F11,Enlonamento RRP,01/08/2025 00:51,01/08/2025 00:52,1m,Saiu da cerca
SYL4A15,Carregamento RRp,01/08/2025 00:52,01/08/2025 01:52,59m,Saiu da cerca
SYD5G27,Buffer frotas ,01/08/2025 00:56,01/08/2025 01:11,15m,Saiu da cerca
SYD5G53,Carregamento Fabrica RRP,01/08/2025 00:58,01/08/2025 02:47,1h 48m,Saiu da cerca
SYD5G53,Enlonamento RRP,01/08/2025 00:59,01/08/2025 01:12,13m,Saiu da cerca
SYD5G64,Descarga Inocencia,01/08/2025 00:37,01/08/2025 01:44,1h 7m,Saiu da cerca
SYD5G64,Terminal Inocencia,01/08/2025 00:43,01/08/2025 01:28,45m,Saiu da cerca
SYD5G64,Patio Carregado INO,01/08/2025 00:43,01/08/2025 01:00,16m,Saiu da cerca
SYD5F89,Abastecimento Frotas RRP,01/08/2025 01:02,01/08/2025 01:11,8m,Saiu da cerca
SYD5F91,Oficina JSL,01/08/2025 01:03,01/08/2025 01:42,39m,Saiu da cerca
SYD5G17,Carregamento RRp,01/08/2025 01:05,01/08/2025 01:26,20m,Saiu da cerca
SYD5G67,Buffer frotas ,01/08/2025 01:04,01/08/2025 01:29,24m,Saiu da cerca
SYL4A18,Carregamento RRp,01/08/2025 01:06,01/08/2025 01:18,11m,Saiu da cerca
SYD5G56,Abastecimento Frotas RRP,01/08/2025 01:06,01/08/2025 01:11,4m,Saiu da cerca
SYD5G56,Pro LOG,01/08/2025 01:06,01/08/2025 01:11,4m,Saiu da cerca
SYD5F96,PA AGUA CLARA,01/08/2025 01:07,01/08/2025 02:23,1h 15m,Saiu da cerca
SYD5F90,Agua Clara,01/08/2025 01:09,01/08/2025 01:19,9m,Saiu da cerca
SYL5J46,Abastecimento Frotas RRP,01/08/2025 01:11,01/08/2025 01:19,8m,Saiu da cerca
SYL5J46,Pro LOG,01/08/2025 01:11,01/08/2025 01:19,8m,Saiu da cerca
SYD5G56,Carregamento Fabrica RRP,01/08/2025 01:11,01/08/2025 02:53,1h 42m,Saiu da cerca
SMG2D73,Agua Clara,01/08/2025 01:10,01/08/2025 02:46,1h 35m,Saiu da cerca
SYD5G19,Agua Clara,01/08/2025 01:06,01/08/2025 01:20,13m,Saiu da cerca
SYD5G34,Terminal Inocencia,01/08/2025 01:07,01/08/2025 03:20,2h 12m,Saiu da cerca
SYD5G34,Descarga Inocencia,01/08/2025 01:07,01/08/2025 04:55,3h 48m,Saiu da cerca
SYD5G56,Enlonamento RRP,01/08/2025 01:13,01/08/2025 01:15,1m,Saiu da cerca
SYD5F89,Carregamento Fabrica RRP,01/08/2025 01:13,01/08/2025 03:09,1h 55m,Saiu da cerca
SYD5F89,Enlonamento RRP,01/08/2025 01:13,01/08/2025 01:21,8m,Saiu da cerca
SYD5G25,Abastecimento Frotas RRP,01/08/2025 01:16,01/08/2025 01:26,10m,Saiu da cerca
SYD5G25,Pro LOG,01/08/2025 01:16,01/08/2025 01:26,10m,Saiu da cerca
SYD5G20,Descarga INO,01/08/2025 01:11,01/08/2025 01:27,16m,Saiu da cerca
SYD5G20,Terminal Inocencia,01/08/2025 01:11,01/08/2025 01:27,16m,Saiu da cerca
SYD5G20,Desc. INO,01/08/2025 01:11,01/08/2025 01:14,3m,Saiu da cerca
SYD5G20,Descarga Inocencia,01/08/2025 01:11,01/08/2025 01:27,16m,Saiu da cerca
SYD5G20,Patio Vazio INO,01/08/2025 01:14,01/08/2025 01:27,13m,Saiu da cerca
SYE7D14,Agua Clara,01/08/2025 01:16,01/08/2025 04:19,3h 3m,Saiu da cerca
SYL4A18,Enlonamento RRP,01/08/2025 01:18,01/08/2025 01:19,1m,Saiu da cerca
SYD5G61,Carregamento RRp,01/08/2025 01:18,01/08/2025 01:38,20m,Saiu da cerca
SMH0F11,Carregamento RRp,01/08/2025 01:18,01/08/2025 01:21,3m,Saiu da cerca
FOW8J57,Agua Clara,01/08/2025 01:19,01/08/2025 01:44,25m,Saiu da cerca
SYL5J46,Buffer frotas ,01/08/2025 01:19,01/08/2025 02:30,1h 10m,Saiu da cerca
SMG6H57,Agua Clara,01/08/2025 01:20,01/08/2025 01:29,9m,Saiu da cerca
SYD5F92,Descarga INO,01/08/2025 00:47,01/08/2025 01:04,16m,Saiu da cerca
SYD5F92,Patio Vazio INO,01/08/2025 00:47,01/08/2025 00:49,2m,Saiu da cerca
SYD5F92,Desc. INO,01/08/2025 00:49,01/08/2025 01:04,14m,Saiu da cerca
SYD5F92,Terminal Inocencia,01/08/2025 01:12,01/08/2025 01:16,3m,Saiu da cerca
SYD5F92,Patio Vazio INO,01/08/2025 01:12,01/08/2025 01:16,3m,Saiu da cerca
SYE7D14,PA AGUA CLARA,01/08/2025 01:20,01/08/2025 02:32,1h 11m,Saiu da cerca
SYD5G58,Descarga INO,01/08/2025 00:58,01/08/2025 01:20,21m,Saiu da cerca
SYD5G58,Patio Vazio INO,01/08/2025 00:58,01/08/2025 01:07,9m,Saiu da cerca
SYD5G06,Carregamento Fabrica RRP,01/08/2025 01:19,01/08/2025 03:09,1h 50m,Saiu da cerca
SYD5G06,Enlonamento RRP,01/08/2025 01:19,01/08/2025 01:31,11m,Saiu da cerca
SMH0F11,Carregamento RRp,01/08/2025 01:21,01/08/2025 01:33,11m,Saiu da cerca
SYD5G58,Desc. INO,01/08/2025 01:07,01/08/2025 01:20,12m,Saiu da cerca
SYD5G58,Descarga INO,01/08/2025 01:22,01/08/2025 01:24,2m,Saiu da cerca
SYD5G58,Terminal Inocencia,01/08/2025 01:22,01/08/2025 01:36,14m,Saiu da cerca
SYD5G58,Patio Vazio INO,01/08/2025 01:22,01/08/2025 01:24,2m,Saiu da cerca
SYD5G58,Patio Carregado INO,01/08/2025 01:24,01/08/2025 01:36,11m,Saiu da cerca
SYD5G50,Agua Clara,01/08/2025 01:25,01/08/2025 04:45,3h 20m,Saiu da cerca
SMG9E17,Posto Mutum,01/08/2025 01:21,01/08/2025 01:23,2m,Saiu da cerca
SYD5F89,Enlonamento RRP,01/08/2025 01:25,01/08/2025 01:35,9m,Saiu da cerca
SYD5G25,Carregamento Fabrica RRP,01/08/2025 01:26,01/08/2025 03:24,1h 57m,Saiu da cerca
SYD5G25,Enlonamento RRP,01/08/2025 01:26,01/08/2025 01:44,17m,Saiu da cerca
SYE4C10,Carregamento RRp,01/08/2025 01:17,01/08/2025 01:32,14m,Saiu da cerca
SYE4C10,Carregamento Fabrica RRP,01/08/2025 01:17,01/08/2025 01:51,33m,Saiu da cerca
SYD5G17,Enlonamento RRP,01/08/2025 01:28,01/08/2025 01:28,0m,Saiu da cerca
RWD4B32,Buffer frotas ,01/08/2025 01:17,01/08/2025 01:41,24m,Saiu da cerca
SYD5G64,Descarga INO,01/08/2025 01:00,01/08/2025 01:28,28m,Saiu da cerca
SYD5G64,Patio Vazio INO,01/08/2025 01:00,01/08/2025 01:22,22m,Saiu da cerca
SYD5G21,Carregamento RRp,01/08/2025 01:29,01/08/2025 01:35,6m,Saiu da cerca
SYD5G06,Carregamento RRp,01/08/2025 01:31,01/08/2025 01:33,1m,Saiu da cerca
SYD5G50,PA AGUA CLARA,01/08/2025 01:31,01/08/2025 04:27,2h 55m,Saiu da cerca
SYE4C10,Enlonamento RRP,01/08/2025 01:32,01/08/2025 01:33,1m,Saiu da cerca
SYD5F93,Carregamento RRp,01/08/2025 01:33,01/08/2025 01:47,14m,Saiu da cerca
SYE4C10,Enlonamento RRP,01/08/2025 01:34,01/08/2025 01:51,17m,Saiu da cerca
RWB3C06,Carregamento RRp,01/08/2025 01:34,01/08/2025 02:01,26m,Saiu da cerca
SYD5G64,Desc. INO,01/08/2025 01:22,01/08/2025 01:28,5m,Saiu da cerca
SYD5G52,Abastecimento Frotas RRP,01/08/2025 01:32,01/08/2025 01:43,10m,Saiu da cerca
SYD5G52,Pro LOG,01/08/2025 01:32,01/08/2025 01:43,10m,Saiu da cerca
SMH0F11,Carregamento RRp,01/08/2025 01:39,01/08/2025 02:02,23m,Saiu da cerca
SYD5G05,Agua Clara,01/08/2025 01:38,01/08/2025 01:47,8m,Saiu da cerca
SYD5G63,Agua Clara,01/08/2025 01:40,01/08/2025 01:46,6m,Saiu da cerca
SYL4A18,Buffer frotas ,01/08/2025 01:41,01/08/2025 01:53,12m,Saiu da cerca
SYD5G64,Descarga INO,01/08/2025 01:37,01/08/2025 01:39,2m,Saiu da cerca
SYD5G64,Terminal Inocencia,01/08/2025 01:37,01/08/2025 01:39,2m,Saiu da cerca
SYD5G64,Desc. INO,01/08/2025 01:37,01/08/2025 01:39,2m,Saiu da cerca
SYD5G53,Carregamento RRp,01/08/2025 01:43,01/08/2025 01:45,2m,Saiu da cerca
SYD5G57,Terminal Inocencia,01/08/2025 01:42,01/08/2025 04:09,2h 27m,Saiu da cerca
SYD5G57,Patio Carregado INO,01/08/2025 01:42,01/08/2025 01:44,2m,Saiu da cerca
SYD5G57,Descarga Inocencia,01/08/2025 01:42,01/08/2025 04:13,2h 31m,Saiu da cerca
SYL4A20,Agua Clara,01/08/2025 01:48,01/08/2025 05:04,3h 16m,Saiu da cerca
SYD5G52,Carregamento Fabrica RRP,01/08/2025 01:43,01/08/2025 03:24,1h 40m,Saiu da cerca
SYD5G52,Enlonamento RRP,01/08/2025 01:43,01/08/2025 01:53,9m,Saiu da cerca
SYD5F91,Abastecimento Frotas RRP,01/08/2025 01:49,01/08/2025 01:58,8m,Saiu da cerca
SYD5F91,Pro LOG,01/08/2025 01:49,01/08/2025 01:58,8m,Saiu da cerca
SYD5G06,Carregamento RRp,01/08/2025 01:50,01/08/2025 01:52,2m,Saiu da cerca
SYD5F93,Carregamento RRp,01/08/2025 01:50,01/08/2025 02:15,24m,Saiu da cerca
SYD5G33,Agua Clara,01/08/2025 01:51,01/08/2025 04:18,2h 27m,Saiu da cerca
SMG9E17,Agua Clara,01/08/2025 01:51,01/08/2025 02:00,9m,Saiu da cerca
SYD5F95,Carregamento RRp,01/08/2025 01:51,01/08/2025 02:31,40m,Saiu da cerca
SYD5G21,Enlonamento RRP,01/08/2025 01:51,01/08/2025 02:02,10m,Saiu da cerca
SYD5G37,Agua Clara,01/08/2025 01:51,01/08/2025 02:46,54m,Saiu da cerca
SYE4C10,Buffer frotas ,01/08/2025 01:51,01/08/2025 02:03,11m,Saiu da cerca
SYL4A20,PA AGUA CLARA,01/08/2025 01:52,01/08/2025 04:56,3h 4m,Saiu da cerca
SYE7D11,Agua Clara,01/08/2025 01:52,01/08/2025 02:01,8m,Saiu da cerca
SYL4A15,Carregamento Fabrica RRP,01/08/2025 01:53,01/08/2025 01:55,2m,Saiu da cerca
SYD5G25,Carregamento RRp,01/08/2025 01:54,01/08/2025 01:56,2m,Saiu da cerca
SYD5G17,Buffer frotas ,01/08/2025 01:48,01/08/2025 02:00,11m,Saiu da cerca
SYD5G37,PA AGUA CLARA,01/08/2025 01:57,01/08/2025 02:38,40m,Saiu da cerca
SYD5F91,Buffer frotas ,01/08/2025 01:58,01/08/2025 02:14,15m,Saiu da cerca
SYD5G06,Carregamento RRp,01/08/2025 02:00,01/08/2025 02:01,1m,Saiu da cerca
SMG5F48,Abastecimento Frotas RRP,01/08/2025 02:00,01/08/2025 02:09,9m,Saiu da cerca
SMG5F48,Pro LOG,01/08/2025 02:00,01/08/2025 02:09,9m,Saiu da cerca
SYE7D16,Terminal Inocencia,01/08/2025 01:56,01/08/2025 02:23,26m,Saiu da cerca
SYE7D16,Patio Carregado INO,01/08/2025 01:56,01/08/2025 02:16,19m,Saiu da cerca
SYE7D16,Descarga Inocencia,01/08/2025 01:56,01/08/2025 02:23,26m,Saiu da cerca
SYD5G53,Carregamento RRp,01/08/2025 02:03,01/08/2025 02:23,20m,Saiu da cerca
SYD5G61,Buffer frotas ,01/08/2025 02:04,01/08/2025 02:21,16m,Saiu da cerca
SYL4A15,Buffer frotas ,01/08/2025 02:05,01/08/2025 02:17,12m,Saiu da cerca
SYD5G21,Buffer frotas ,01/08/2025 02:06,01/08/2025 02:19,13m,Saiu da cerca
SMG9I17,Abastecimento Frotas RRP,01/08/2025 02:06,01/08/2025 02:18,11m,Saiu da cerca
SYD5G23,Abastecimento Frotas RRP,01/08/2025 02:09,01/08/2025 02:22,13m,Saiu da cerca
SMG9I17,Pro LOG,01/08/2025 02:09,01/08/2025 02:18,9m,Saiu da cerca
SYD5G25,Carregamento RRp,01/08/2025 02:09,01/08/2025 02:11,2m,Saiu da cerca
SMG5F48,Buffer frotas ,01/08/2025 02:09,01/08/2025 02:32,23m,Saiu da cerca
SYD5G06,Carregamento RRp,01/08/2025 02:11,01/08/2025 02:31,19m,Saiu da cerca
SMH0F11,Carregamento RRp,01/08/2025 02:12,01/08/2025 02:14,2m,Saiu da cerca
SYD5G56,Carregamento RRp,01/08/2025 02:14,01/08/2025 02:24,10m,Saiu da cerca
SYD5G23,Pro LOG,01/08/2025 02:15,01/08/2025 02:22,7m,Saiu da cerca
SYD5G22,Agua Clara,01/08/2025 02:15,01/08/2025 02:25,10m,Saiu da cerca
SMH0F11,Enlonamento RRP,01/08/2025 02:16,01/08/2025 02:26,9m,Saiu da cerca
SYD5G05,Posto Mutum,01/08/2025 02:11,01/08/2025 02:27,15m,Saiu da cerca
SYD5G25,Carregamento RRp,01/08/2025 02:18,01/08/2025 02:18,0m,Saiu da cerca
SYD5F91,Carregamento Fabrica RRP,01/08/2025 02:18,01/08/2025 03:54,1h 36m,Saiu da cerca
QTQ0F44,Agua Clara,01/08/2025 02:14,01/08/2025 05:56,3h 41m,Saiu da cerca
SMG9I17,Carregamento Fabrica RRP,01/08/2025 02:19,01/08/2025 04:25,2h 6m,Saiu da cerca
SYD5G25,Carregamento RRp,01/08/2025 02:20,01/08/2025 02:26,6m,Saiu da cerca
SYD5G67,Posto Mutum,01/08/2025 02:20,01/08/2025 02:22,2m,Saiu da cerca
SYD5G22,PA AGUA CLARA,01/08/2025 02:21,01/08/2025 02:23,2m,Saiu da cerca
SYD5G23,Carregamento Fabrica RRP,01/08/2025 02:22,01/08/2025 04:17,1h 54m,Saiu da cerca
SYD5G23,Enlonamento RRP,01/08/2025 02:22,01/08/2025 02:32,10m,Saiu da cerca
SYD5F89,Carregamento RRp,01/08/2025 02:24,01/08/2025 02:45,20m,Saiu da cerca
SYD5G56,Enlonamento RRP,01/08/2025 02:24,01/08/2025 02:32,8m,Saiu da cerca
SYE7D16,Descarga INO,01/08/2025 02:16,01/08/2025 02:23,7m,Saiu da cerca
SYE7D16,Desc. INO,01/08/2025 02:16,01/08/2025 02:23,7m,Saiu da cerca
SYD5G28,Agua Clara,01/08/2025 02:25,01/08/2025 02:39,13m,Saiu da cerca
SYD5G53,Enlonamento RRP,01/08/2025 02:25,01/08/2025 02:38,12m,Saiu da cerca
SMG9I17,Carregamento RRp,01/08/2025 02:26,01/08/2025 02:32,5m,Saiu da cerca
SMH0F11,Carregamento RRp,01/08/2025 02:26,01/08/2025 02:28,1m,Saiu da cerca
SMH0F11,Enlonamento RRP,01/08/2025 02:28,01/08/2025 02:50,22m,Saiu da cerca
SYE7D16,Descarga INO,01/08/2025 02:25,01/08/2025 02:27,2m,Saiu da cerca
SYE7D16,Terminal Inocencia,01/08/2025 02:25,01/08/2025 02:41,16m,Saiu da cerca
SYE7D16,Desc. INO,01/08/2025 02:25,01/08/2025 02:27,2m,Saiu da cerca
SYE7D16,Descarga Inocencia,01/08/2025 02:25,01/08/2025 02:43,18m,Saiu da cerca
SYE7D16,Patio Carregado INO,01/08/2025 02:27,01/08/2025 02:41,14m,Saiu da cerca
SYD5G25,Carregamento RRp,01/08/2025 02:30,01/08/2025 03:06,35m,Saiu da cerca
SYD5G27,Agua Clara,01/08/2025 02:30,01/08/2025 02:42,11m,Saiu da cerca
SYD5G33,PA AGUA CLARA,01/08/2025 02:31,01/08/2025 04:18,1h 47m,Saiu da cerca
SYD5G19,Abastecimento Frotas RRP,01/08/2025 02:30,01/08/2025 02:39,8m,Saiu da cerca
SYD5G19,Pro LOG,01/08/2025 02:30,01/08/2025 02:39,8m,Saiu da cerca
SYD5G06,Carregamento RRp,01/08/2025 02:31,01/08/2025 02:48,17m,Saiu da cerca
SYD5F91,Carregamento RRp,01/08/2025 02:31,01/08/2025 02:32,0m,Saiu da cerca
SYD5F93,Buffer frotas ,01/08/2025 02:29,01/08/2025 02:38,8m,Saiu da cerca
SYD5G26,Abastecimento Frotas RRP,01/08/2025 02:33,01/08/2025 02:42,9m,Saiu da cerca
SYD5G26,Pro LOG,01/08/2025 02:33,01/08/2025 02:42,9m,Saiu da cerca
SYE7D14,PA AGUA CLARA,01/08/2025 02:34,01/08/2025 04:11,1h 37m,Saiu da cerca
SYL5J46,Carregamento Fabrica RRP,01/08/2025 02:34,01/08/2025 04:36,2h 2m,Saiu da cerca
SYL5J46,Enlonamento RRP,01/08/2025 02:34,01/08/2025 02:47,13m,Saiu da cerca
SMG5F48,Carregamento Fabrica RRP,01/08/2025 02:34,01/08/2025 04:16,1h 41m,Saiu da cerca
SYD5G52,Carregamento RRp,01/08/2025 02:29,01/08/2025 02:31,1m,Saiu da cerca
SYD5G52,Carregamento RRp,01/08/2025 02:34,01/08/2025 02:57,22m,Saiu da cerca
SYD5F91,Carregamento RRp,01/08/2025 02:35,01/08/2025 02:54,18m,Saiu da cerca
SYD5G56,Enlonamento RRP,01/08/2025 02:36,01/08/2025 02:53,16m,Saiu da cerca
RWD4B32,Posto Mutum,01/08/2025 02:36,01/08/2025 02:47,11m,Saiu da cerca
SYD5G18,Agua Clara,01/08/2025 02:33,01/08/2025 08:01,5h 27m,Saiu da cerca
SYD5G18,PA AGUA CLARA,01/08/2025 02:33,01/08/2025 08:01,5h 27m,Saiu da cerca
SMG5F48,Carregamento RRp,01/08/2025 02:38,01/08/2025 02:59,20m,Saiu da cerca
SYD5F95,Enlonamento RRP,01/08/2025 02:38,01/08/2025 02:40,2m,Saiu da cerca
SYD5G19,Carregamento Fabrica RRP,01/08/2025 02:40,01/08/2025 04:34,1h 54m,Saiu da cerca
SYD5G19,Enlonamento RRP,01/08/2025 02:40,01/08/2025 02:54,13m,Saiu da cerca
SYD5G26,Carregamento Fabrica RRP,01/08/2025 02:42,01/08/2025 05:32,2h 49m,Saiu da cerca
SYD5G26,Enlonamento RRP,01/08/2025 02:43,01/08/2025 02:53,10m,Saiu da cerca
SYD5G53,Enlonamento RRP,01/08/2025 02:43,01/08/2025 02:47,4m,Saiu da cerca
SYD5G31,Agua Clara,01/08/2025 02:43,01/08/2025 03:12,28m,Saiu da cerca
SYD5G30,Descarga Inocencia,01/08/2025 02:46,01/08/2025 03:31,44m,Saiu da cerca
SYD5G53,Buffer frotas ,01/08/2025 02:47,01/08/2025 02:58,11m,Saiu da cerca
SYD5G16,Patio Carregado INO,01/08/2025 02:41,01/08/2025 04:07,1h 25m,Saiu da cerca
SYD5F95,Buffer frotas ,01/08/2025 02:48,01/08/2025 02:56,7m,Saiu da cerca
SMG9I17,Carregamento RRp,01/08/2025 02:49,01/08/2025 02:54,4m,Saiu da cerca
SYD5G04,Abastecimento Frotas RRP,01/08/2025 02:50,01/08/2025 03:00,10m,Saiu da cerca
SYD5G32,Descarga Inocencia,01/08/2025 02:44,01/08/2025 04:43,1h 58m,Saiu da cerca
SYD5G06,Enlonamento RRP,01/08/2025 02:50,01/08/2025 03:07,17m,Saiu da cerca
SYD5G67,Agua Clara,01/08/2025 02:51,01/08/2025 07:02,4h 11m,Saiu da cerca
SYD5G67,PA AGUA CLARA,01/08/2025 02:51,01/08/2025 02:53,2m,Saiu da cerca
SYD5G04,Pro LOG,01/08/2025 02:50,01/08/2025 03:00,10m,Saiu da cerca
SYD5G30,Terminal Inocencia,01/08/2025 02:49,01/08/2025 03:27,37m,Saiu da cerca
SYD5G30,Patio Carregado INO,01/08/2025 02:51,01/08/2025 02:59,7m,Saiu da cerca
SYD5G31,PA AGUA CLARA,01/08/2025 02:52,01/08/2025 03:12,19m,Saiu da cerca
SYD5G56,Buffer frotas ,01/08/2025 02:53,01/08/2025 03:06,13m,Saiu da cerca
SYD5G67,PA AGUA CLARA,01/08/2025 02:55,01/08/2025 06:54,3h 59m,Saiu da cerca
FOW8J57,Abastecimento Frotas RRP,01/08/2025 02:56,01/08/2025 03:11,14m,Saiu da cerca
RWB3C06,Buffer frotas ,01/08/2025 02:55,01/08/2025 03:12,16m,Saiu da cerca
SMH0F11,Buffer frotas ,01/08/2025 02:56,01/08/2025 03:13,17m,Saiu da cerca
SYD5G52,Enlonamento RRP,01/08/2025 02:57,01/08/2025 03:16,18m,Saiu da cerca
SYD5G63,Abastecimento Frotas RRP,01/08/2025 02:57,01/08/2025 03:11,13m,Saiu da cerca
FOW8J57,Pro LOG,01/08/2025 02:59,01/08/2025 03:11,11m,Saiu da cerca
SYD5G63,Pro LOG,01/08/2025 02:59,01/08/2025 03:11,11m,Saiu da cerca
SYD5G04,Buffer frotas ,01/08/2025 03:00,01/08/2025 03:07,6m,Saiu da cerca
SYD5F89,Enlonamento RRP,01/08/2025 02:47,01/08/2025 02:49,2m,Saiu da cerca
SYD5G05,Abastecimento Frotas RRP,01/08/2025 02:59,01/08/2025 03:03,4m,Saiu da cerca
SYD5G65,Terminal Inocencia,01/08/2025 02:43,01/08/2025 03:13,29m,Saiu da cerca
SYD5G65,Patio Carregado INO,01/08/2025 02:43,01/08/2025 02:47,3m,Saiu da cerca
SYD5G65,Descarga Inocencia,01/08/2025 02:43,01/08/2025 03:14,30m,Saiu da cerca
SYD5G65,Descarga INO,01/08/2025 02:47,01/08/2025 03:01,13m,Saiu da cerca
SYD5G65,Patio Vazio INO,01/08/2025 02:47,01/08/2025 02:51,3m,Saiu da cerca
SYD5G23,Carregamento RRp,01/08/2025 03:03,01/08/2025 03:04,0m,Saiu da cerca
SYD5G05,Posto Mutum,01/08/2025 03:03,01/08/2025 03:05,2m,Saiu da cerca
SYD5G65,Desc. INO,01/08/2025 02:51,01/08/2025 03:05,14m,Saiu da cerca
SYD5G05,Abastecimento Frotas RRP,01/08/2025 03:05,01/08/2025 03:08,3m,Saiu da cerca
SYD5G65,Descarga INO,01/08/2025 03:05,01/08/2025 03:13,8m,Saiu da cerca
SYD5G65,Patio Vazio INO,01/08/2025 03:05,01/08/2025 03:13,8m,Saiu da cerca
SYD5G25,Enlonamento RRP,01/08/2025 03:06,01/08/2025 03:24,17m,Saiu da cerca
SYD5G26,Carregamento RRp,01/08/2025 03:07,01/08/2025 03:09,2m,Saiu da cerca
SYD5G05,Posto Mutum,01/08/2025 03:08,01/08/2025 03:09,0m,Saiu da cerca
SYD5F89,Buffer frotas ,01/08/2025 03:09,01/08/2025 03:27,18m,Saiu da cerca
SYD5G04,Carregamento Fabrica RRP,01/08/2025 03:09,01/08/2025 05:22,2h 13m,Saiu da cerca
SMG9I17,Carregamento RRp,01/08/2025 03:09,01/08/2025 03:13,3m,Saiu da cerca
SYD5G06,Buffer frotas ,01/08/2025 03:09,01/08/2025 03:27,17m,Saiu da cerca
SYD5G05,Abastecimento Frotas RRP,01/08/2025 03:09,01/08/2025 03:10,0m,Saiu da cerca
SYD5G05,Pro LOG,01/08/2025 03:09,01/08/2025 03:10,0m,Saiu da cerca
SYD5G05,Posto Mutum,01/08/2025 03:10,01/08/2025 03:14,4m,Saiu da cerca
SYD5F92,Agua Clara,01/08/2025 03:10,01/08/2025 03:17,6m,Saiu da cerca
SYD5G63,Carregamento Fabrica RRP,01/08/2025 03:11,01/08/2025 05:37,2h 26m,Saiu da cerca
SYD5G63,Enlonamento RRP,01/08/2025 03:11,01/08/2025 03:19,8m,Saiu da cerca
SYD5F91,Carregamento RRp,01/08/2025 03:13,01/08/2025 03:53,40m,Saiu da cerca
SYL4A18,Agua Clara,01/08/2025 03:13,01/08/2025 03:24,11m,Saiu da cerca
SYE7D11,Abastecimento Frotas RRP,01/08/2025 03:14,01/08/2025 03:22,7m,Saiu da cerca
SYE7D11,Pro LOG,01/08/2025 03:14,01/08/2025 03:22,7m,Saiu da cerca
SYD5G05,Abastecimento Frotas RRP,01/08/2025 03:14,01/08/2025 03:17,2m,Saiu da cerca
SYD5G05,Pro LOG,01/08/2025 03:14,01/08/2025 03:17,2m,Saiu da cerca
RWD4B32,Agua Clara,01/08/2025 03:16,01/08/2025 03:24,8m,Saiu da cerca
SYD5G23,Carregamento RRp,01/08/2025 03:16,01/08/2025 03:32,15m,Saiu da cerca
SYD5G05,Carregamento Fabrica RRP,01/08/2025 03:17,01/08/2025 03:17,0m,Saiu da cerca
SYD5G05,Enlonamento RRP,01/08/2025 03:17,01/08/2025 03:17,0m,Saiu da cerca
SYD5G30,Descarga INO,01/08/2025 02:59,01/08/2025 03:19,19m,Saiu da cerca
SYD5G30,Patio Vazio INO,01/08/2025 02:59,01/08/2025 03:01,2m,Saiu da cerca
SYD5G30,Desc. INO,01/08/2025 03:01,01/08/2025 03:16,14m,Saiu da cerca
SYD5G05,Posto Mutum,01/08/2025 03:17,01/08/2025 03:17,0m,Saiu da cerca
SYD5G30,Patio Vazio INO,01/08/2025 03:16,01/08/2025 03:27,11m,Saiu da cerca
SYD5G01,Terminal Inocencia,01/08/2025 03:09,01/08/2025 03:59,49m,Saiu da cerca
SYD5G01,Patio Carregado INO,01/08/2025 03:09,01/08/2025 03:19,10m,Saiu da cerca
SYD5G01,Descarga Inocencia,01/08/2025 03:09,01/08/2025 03:59,49m,Saiu da cerca
SYD5G05,Carregamento Fabrica RRP,01/08/2025 03:17,01/08/2025 03:18,1m,Saiu da cerca
SYD5G05,Enlonamento RRP,01/08/2025 03:17,01/08/2025 03:18,1m,Saiu da cerca
SYD5G48,Agua Clara,01/08/2025 03:18,01/08/2025 05:24,2h 5m,Saiu da cerca
SYD5G05,Posto Mutum,01/08/2025 03:18,01/08/2025 03:29,10m,Saiu da cerca
SYD5G17,Agua Clara,01/08/2025 03:21,01/08/2025 06:19,2h 58m,Saiu da cerca
SYD5G20,Agua Clara,01/08/2025 03:15,01/08/2025 03:30,15m,Saiu da cerca
SYE7D11,Carregamento Fabrica RRP,01/08/2025 03:23,01/08/2025 05:48,2h 25m,Saiu da cerca
SYE7D11,Enlonamento RRP,01/08/2025 03:23,01/08/2025 03:32,9m,Saiu da cerca
SYE4C10,Agua Clara,01/08/2025 03:23,01/08/2025 03:41,17m,Saiu da cerca
SYD5G25,Buffer frotas ,01/08/2025 03:24,01/08/2025 03:33,9m,Saiu da cerca
SYD5G17,PA AGUA CLARA,01/08/2025 03:25,01/08/2025 06:11,2h 46m,Saiu da cerca
SYD5F93,Posto Mutum,01/08/2025 03:27,01/08/2025 03:29,2m,Saiu da cerca
SYD5G52,Buffer frotas ,01/08/2025 03:25,01/08/2025 03:43,18m,Saiu da cerca
SYD5G63,Carregamento RRp,01/08/2025 03:27,01/08/2025 03:30,2m,Saiu da cerca
SYD5G05,Carregamento Fabrica RRP,01/08/2025 03:29,01/08/2025 05:39,2h 9m,Saiu da cerca
SYD5G05,Enlonamento RRP,01/08/2025 03:29,01/08/2025 03:40,10m,Saiu da cerca
SYE4C10,PA AGUA CLARA,01/08/2025 03:29,01/08/2025 03:31,2m,Saiu da cerca
SMG9I17,Carregamento RRp,01/08/2025 03:31,01/08/2025 04:05,33m,Saiu da cerca
SYD5G63,Enlonamento RRP,01/08/2025 03:32,01/08/2025 03:38,6m,Saiu da cerca
SMG9B17,Descarga Inocencia,01/08/2025 02:59,01/08/2025 03:40,40m,Saiu da cerca
SMG9B17,Terminal Inocencia,01/08/2025 03:02,01/08/2025 03:36,33m,Saiu da cerca
SMG9B17,Patio Carregado INO,01/08/2025 03:02,01/08/2025 03:16,13m,Saiu da cerca
SMG9B17,Descarga INO,01/08/2025 03:16,01/08/2025 03:29,12m,Saiu da cerca
SMG9B17,Desc. INO,01/08/2025 03:16,01/08/2025 03:28,11m,Saiu da cerca
FOW8J57,Manutencao JSL RRP,01/08/2025 03:32,01/08/2025 08:42,5h 10m,Saiu da cerca
FOW8J57,Manuten¿¿o Geral JSL RRP,01/08/2025 03:32,01/08/2025 08:42,5h 10m,Saiu da cerca
SMG9B17,Patio Vazio INO,01/08/2025 03:28,01/08/2025 03:29,1m,Saiu da cerca
SYD5G57,Patio Carregado INO,01/08/2025 03:31,01/08/2025 03:38,6m,Saiu da cerca
SMG9B17,Patio Carregado INO,01/08/2025 03:29,01/08/2025 03:36,7m,Saiu da cerca
SYD5G22,Posto Mutum,01/08/2025 02:53,01/08/2025 02:55,2m,Saiu da cerca
SYD5F90,Descarga Inocencia,01/08/2025 03:26,01/08/2025 06:20,2h 53m,Saiu da cerca
SYE7D11,Enlonamento RRP,01/08/2025 03:34,01/08/2025 04:00,26m,Saiu da cerca
SYD5G61,Agua Clara,01/08/2025 03:35,01/08/2025 04:52,1h 16m,Saiu da cerca
SMG5F48,Carregamento RRp,01/08/2025 03:35,01/08/2025 04:16,41m,Saiu da cerca
SYL5J46,Carregamento RRp,01/08/2025 03:35,01/08/2025 03:38,2m,Saiu da cerca
SYD5G23,Enlonamento RRP,01/08/2025 03:35,01/08/2025 03:46,11m,Saiu da cerca
SYD5G35,Descarga Inocencia,01/08/2025 03:29,01/08/2025 04:43,1h 13m,Saiu da cerca
SYD5G38,Oficina JSL,01/08/2025 03:36,01/08/2025 08:58,5h 22m,Saiu da cerca
SYD5G35,Terminal Inocencia,01/08/2025 03:31,01/08/2025 04:37,1h 6m,Saiu da cerca
SYD5G35,Patio Carregado INO,01/08/2025 03:31,01/08/2025 03:50,19m,Saiu da cerca
SYD5G21,Agua Clara,01/08/2025 03:37,01/08/2025 06:43,3h 5m,Saiu da cerca
SYD5G61,PA AGUA CLARA,01/08/2025 03:38,01/08/2025 04:43,1h 5m,Saiu da cerca
SYD5G58,Agua Clara,01/08/2025 03:39,01/08/2025 08:02,4h 22m,Saiu da cerca
SYL5J46,Carregamento RRp,01/08/2025 03:40,01/08/2025 03:42,2m,Saiu da cerca
SYD5G21,PA AGUA CLARA,01/08/2025 03:41,01/08/2025 06:35,2h 53m,Saiu da cerca
SYD5G01,Descarga INO,01/08/2025 03:19,01/08/2025 03:46,26m,Saiu da cerca
SYD5G01,Desc. INO,01/08/2025 03:19,01/08/2025 03:46,26m,Saiu da cerca
SYD5G64,Agua Clara,01/08/2025 03:42,01/08/2025 04:11,28m,Saiu da cerca
SYD5G63,Carregamento RRp,01/08/2025 03:44,01/08/2025 03:55,11m,Saiu da cerca
SYD5G58,PA AGUA CLARA,01/08/2025 03:48,01/08/2025 07:00,3h 11m,Saiu da cerca
SYD5G48,PA AGUA CLARA,01/08/2025 03:49,01/08/2025 05:12,1h 23m,Saiu da cerca
SYD5G64,PA AGUA CLARA,01/08/2025 03:50,01/08/2025 04:09,19m,Saiu da cerca
SYD5G05,Enlonamento RRP,01/08/2025 03:50,01/08/2025 03:57,6m,Saiu da cerca
SYE7D12,Agua Clara,01/08/2025 03:50,01/08/2025 04:21,30m,Saiu da cerca
SYE7D12,PA AGUA CLARA,01/08/2025 03:50,01/08/2025 04:21,30m,Saiu da cerca
SYD5G01,Patio Carregado INO,01/08/2025 03:46,01/08/2025 03:59,12m,Saiu da cerca
SYD5G23,Carregamento RRp,01/08/2025 03:46,01/08/2025 03:56,9m,Saiu da cerca
SYD5G20,Posto Mutum,01/08/2025 03:46,01/08/2025 04:01,15m,Saiu da cerca
SYD5G22,Abastecimento Frotas RRP,01/08/2025 03:47,01/08/2025 03:59,12m,Saiu da cerca
SYD5G22,Pro LOG,01/08/2025 03:47,01/08/2025 03:59,12m,Saiu da cerca
SYD5G02,Oficina JSL,01/08/2025 03:54,01/08/2025 04:06,12m,Saiu da cerca
SYD5G57,Descarga INO,01/08/2025 03:38,01/08/2025 03:47,9m,Saiu da cerca
SYD5G57,Patio Vazio INO,01/08/2025 03:38,01/08/2025 03:41,2m,Saiu da cerca
SYD5G23,Enlonamento RRP,01/08/2025 03:56,01/08/2025 03:57,1m,Saiu da cerca
SYD5G04,Carregamento RRp,01/08/2025 03:55,01/08/2025 03:57,1m,Saiu da cerca
SYD5F91,Carregamento Fabrica RRP,01/08/2025 03:57,01/08/2025 04:09,11m,Saiu da cerca
SYD5G05,Carregamento RRp,01/08/2025 03:57,01/08/2025 03:58,0m,Saiu da cerca
SYD5F93,Agua Clara,01/08/2025 03:58,01/08/2025 04:09,11m,Saiu da cerca
SYD5G57,Desc. INO,01/08/2025 03:41,01/08/2025 03:57,16m,Saiu da cerca
SYD5G57,Patio Carregado INO,01/08/2025 03:57,01/08/2025 04:09,12m,Saiu da cerca
SYD5G19,Carregamento RRp,01/08/2025 03:58,01/08/2025 04:07,8m,Saiu da cerca
SYD5G23,Enlonamento RRP,01/08/2025 03:58,01/08/2025 04:17,18m,Saiu da cerca
SMG2D73,Abastecimento Frotas RRP,01/08/2025 03:59,01/08/2025 04:12,12m,Saiu da cerca
SMG2D73,Pro LOG,01/08/2025 03:59,01/08/2025 04:12,12m,Saiu da cerca
SYD5G63,Carregamento RRp,01/08/2025 04:00,01/08/2025 04:17,17m,Saiu da cerca
SYD5G22,Carregamento Fabrica RRP,01/08/2025 04:00,01/08/2025 05:48,1h 47m,Saiu da cerca
SYD5F90,Terminal Inocencia,01/08/2025 03:37,01/08/2025 06:16,2h 38m,Saiu da cerca
SYD5F90,Patio Carregado INO,01/08/2025 03:37,01/08/2025 03:40,2m,Saiu da cerca
SYD5F90,Descarga INO,01/08/2025 03:40,01/08/2025 04:04,23m,Saiu da cerca
SYD5F90,Patio Vazio INO,01/08/2025 03:40,01/08/2025 03:46,6m,Saiu da cerca
SYD5F90,Desc. INO,01/08/2025 03:46,01/08/2025 04:07,21m,Saiu da cerca
SYD5G19,Carregamento RRp,01/08/2025 04:09,01/08/2025 04:34,25m,Saiu da cerca
SYL5J46,Carregamento RRp,01/08/2025 04:09,01/08/2025 04:10,1m,Saiu da cerca
SYD5G02,Oficina JSL,01/08/2025 04:09,01/08/2025 04:10,0m,Saiu da cerca
SYD5G04,Carregamento RRp,01/08/2025 04:10,01/08/2025 04:13,2m,Saiu da cerca
SMG9I17,Enlonamento RRP,01/08/2025 04:12,01/08/2025 04:25,12m,Saiu da cerca
SYD5F95,Agua Clara,01/08/2025 04:12,01/08/2025 04:21,8m,Saiu da cerca
SMG9D17,Posto Mutum,01/08/2025 04:13,01/08/2025 04:15,2m,Saiu da cerca
SYL5J46,Carregamento RRp,01/08/2025 04:13,01/08/2025 04:34,20m,Saiu da cerca
SMG2D73,Carregamento Fabrica RRP,01/08/2025 04:14,01/08/2025 05:53,1h 38m,Saiu da cerca
SYD5G02,Oficina JSL,01/08/2025 04:14,01/08/2025 04:18,3m,Saiu da cerca
SYD5G53,Agua Clara,01/08/2025 04:15,01/08/2025 04:49,33m,Saiu da cerca
SYL4A15,Agua Clara,01/08/2025 04:16,01/08/2025 05:25,1h 8m,Saiu da cerca
SYD5G26,Carregamento RRp,01/08/2025 04:16,01/08/2025 04:33,16m,Saiu da cerca
SYD5G23,Buffer frotas ,01/08/2025 04:17,01/08/2025 04:29,12m,Saiu da cerca
SYD5G04,Carregamento RRp,01/08/2025 04:17,01/08/2025 04:25,7m,Saiu da cerca
SYD5G05,Carregamento RRp,01/08/2025 04:17,01/08/2025 04:24,7m,Saiu da cerca
SYD5G35,Descarga INO,01/08/2025 03:50,01/08/2025 04:20,29m,Saiu da cerca
SYD5G35,Desc. INO,01/08/2025 03:50,01/08/2025 04:20,29m,Saiu da cerca
SYD5G35,Patio Carregado INO,01/08/2025 04:20,01/08/2025 04:37,17m,Saiu da cerca
SYL4A15,PA AGUA CLARA,01/08/2025 04:21,01/08/2025 05:17,55m,Saiu da cerca
SYD5G53,PA AGUA CLARA,01/08/2025 04:21,01/08/2025 04:41,19m,Saiu da cerca
SMG2D73,Enlonamento RRP,01/08/2025 04:23,01/08/2025 04:25,2m,Saiu da cerca
SYD5G31,Abastecimento Frotas RRP,01/08/2025 04:23,01/08/2025 04:31,7m,Saiu da cerca
SYD5G31,Pro LOG,01/08/2025 04:23,01/08/2025 04:31,7m,Saiu da cerca
SYD5G34,Descarga INO,01/08/2025 04:12,01/08/2025 04:20,8m,Saiu da cerca
SYD5G34,Terminal Inocencia,01/08/2025 04:12,01/08/2025 04:20,8m,Saiu da cerca
SYD5G34,Desc. INO,01/08/2025 04:12,01/08/2025 04:20,8m,Saiu da cerca
SYE7D11,Carregamento RRp,01/08/2025 04:25,01/08/2025 04:34,8m,Saiu da cerca
SYD5G34,Terminal Inocencia,01/08/2025 04:23,01/08/2025 04:39,15m,Saiu da cerca
SYD5G34,Desc. INO,01/08/2025 04:23,01/08/2025 04:25,2m,Saiu da cerca
SYD5G34,Patio Vazio INO,01/08/2025 04:25,01/08/2025 04:26,0m,Saiu da cerca
SYD5G56,Agua Clara,01/08/2025 04:26,01/08/2025 04:41,15m,Saiu da cerca
SYD5G34,Patio Carregado INO,01/08/2025 04:26,01/08/2025 04:39,12m,Saiu da cerca
SYD5G50,PA AGUA CLARA,01/08/2025 04:29,01/08/2025 04:45,16m,Saiu da cerca
SYD5F90,Patio Vazio INO,01/08/2025 04:18,01/08/2025 05:18,59m,Saiu da cerca
SYD5G02,Oficina JSL,01/08/2025 04:30,01/08/2025 12:13,7h 43m,Saiu da cerca
SMG5F48,Carregamento Fabrica RRP,01/08/2025 04:30,01/08/2025 04:52,22m,Saiu da cerca
SMG5F48,Enlonamento RRP,01/08/2025 04:30,01/08/2025 04:52,22m,Saiu da cerca
SYD5F92,Abastecimento Frotas RRP,01/08/2025 04:30,01/08/2025 04:40,10m,Saiu da cerca
SYD5F92,Pro LOG,01/08/2025 04:30,01/08/2025 04:40,10m,Saiu da cerca
SMG9I17,Buffer frotas ,01/08/2025 04:26,01/08/2025 04:38,11m,Saiu da cerca
QUA0J34,Carregamento Fabrica RRP,01/08/2025 04:32,01/08/2025 05:53,1h 20m,Saiu da cerca
QUA0J34,Enlonamento RRP,01/08/2025 04:32,01/08/2025 04:34,2m,Saiu da cerca
SYD5G31,Carregamento Fabrica RRP,01/08/2025 04:32,01/08/2025 06:13,1h 40m,Saiu da cerca
SYD5G31,Enlonamento RRP,01/08/2025 04:32,01/08/2025 04:38,6m,Saiu da cerca
SYD5G05,Carregamento RRp,01/08/2025 04:33,01/08/2025 04:34,0m,Saiu da cerca
SYL5J46,Enlonamento RRP,01/08/2025 04:34,01/08/2025 04:34,0m,Saiu da cerca
SYD5G63,Carregamento RRp,01/08/2025 04:34,01/08/2025 05:12,37m,Saiu da cerca
SYD5G04,Carregamento RRp,01/08/2025 04:34,01/08/2025 05:04,30m,Saiu da cerca
SYD5G05,Carregamento RRp,01/08/2025 04:34,01/08/2025 04:47,12m,Saiu da cerca
SYD5F91,Carregamento Fabrica RRP,01/08/2025 04:35,01/08/2025 04:37,2m,Saiu da cerca
SYD5G19,Carregamento Fabrica RRP,01/08/2025 04:36,01/08/2025 05:08,32m,Saiu da cerca
SYD5G19,Enlonamento RRP,01/08/2025 04:36,01/08/2025 05:08,32m,Saiu da cerca
SYD5G32,Descarga INO,01/08/2025 04:24,01/08/2025 04:37,12m,Saiu da cerca
SYD5G32,Terminal Inocencia,01/08/2025 04:24,01/08/2025 04:41,16m,Saiu da cerca
SYD5G32,Desc. INO,01/08/2025 04:24,01/08/2025 04:37,12m,Saiu da cerca
SYE7D11,Carregamento RRp,01/08/2025 04:36,01/08/2025 05:30,54m,Saiu da cerca
SYD5G22,Carregamento RRp,01/08/2025 04:36,01/08/2025 04:54,17m,Saiu da cerca
SYD5G32,Patio Carregado INO,01/08/2025 04:37,01/08/2025 04:41,4m,Saiu da cerca
RWB3C06,Agua Clara,01/08/2025 04:37,01/08/2025 04:55,18m,Saiu da cerca
SMH0F11,Agua Clara,01/08/2025 04:38,01/08/2025 04:55,17m,Saiu da cerca
SYD5G31,Enlonamento RRP,01/08/2025 04:39,01/08/2025 04:41,2m,Saiu da cerca
SYD5F92,Carregamento Fabrica RRP,01/08/2025 04:40,01/08/2025 06:19,1h 39m,Saiu da cerca
SMG2D73,Carregamento RRp,01/08/2025 04:41,01/08/2025 04:46,4m,Saiu da cerca
SYD5G06,Agua Clara,01/08/2025 04:42,01/08/2025 04:44,1m,Saiu da cerca
SYL5J46,Carregamento Fabrica RRP,01/08/2025 04:43,01/08/2025 04:49,6m,Saiu da cerca
SYD5F89,Agua Clara,01/08/2025 04:43,01/08/2025 09:05,4h 22m,Saiu da cerca
SMG9D17,Agua Clara,01/08/2025 04:43,01/08/2025 04:52,9m,Saiu da cerca
SYD5F96,Terminal Inocencia,01/08/2025 04:39,01/08/2025 05:16,36m,Saiu da cerca
SYD5F96,Patio Carregado INO,01/08/2025 04:39,01/08/2025 04:50,11m,Saiu da cerca
SYD5F96,Descarga Inocencia,01/08/2025 04:39,01/08/2025 05:20,41m,Saiu da cerca
SYD5G25,Agua Clara,01/08/2025 04:45,01/08/2025 04:53,8m,Saiu da cerca
SYD5G06,Agua Clara,01/08/2025 04:46,01/08/2025 04:51,4m,Saiu da cerca
SYD5G06,PA AGUA CLARA,01/08/2025 04:46,01/08/2025 04:51,4m,Saiu da cerca
