Filial,Placa_Veiculo,Descricao_POI,Grupo_POI,Data_Entrada,Data_Saida,Status,Duracao
RIBAS,FOW8J57,Terminal (Consolidado),Terminal,06/08/2025 20:16:56,06/08/2025 21:01:25,Saiu da cerca,0.74
RIBAS,FOW8J57,Descarga (Consolidado),Descarga,06/08/2025 20:16:56,06/08/2025 20:45:59,Saiu da cerca,0.48
RIBAS,FOW8J57,Patio Carregado INO,Parada Operacional,06/08/2025 20:16:56,06/08/2025 20:33:27,Saiu da cerca,16m
RIBAS,FOW8J57,Descarga Inocencia,Não Mapeado,06/08/2025 20:16:56,06/08/2025 20:45:59,Saiu da cerca,29m
RIBAS,FOW8J57,Descarga INO,Não Mapeado,06/08/2025 20:33:27,06/08/2025 20:45:59,Saiu da cerca,12m
RIBAS,FOW8J57,Patio Vazio INO,Parada Operacional,06/08/2025 20:48:00,06/08/2025 20:48:37,Saiu da cerca,0m
RIBAS,FOW8J57,Descarga Inocencia,Não Mapeado,06/08/2025 20:48:00,06/08/2025 21:05:28,Saiu da cerca,17m
RIBAS,FOW8J57,Patio Carregado INO,Parada Operacional,06/08/2025 20:48:37,06/08/2025 21:01:25,Saiu da cerca,12m
RIBAS,FOW8J57,Agua Clara,Parada Operacional,06/08/2025 23:17:33,06/08/2025 23:30:40,Saiu da cerca,13m
RIBAS,FOW8J57,Fábrica (Consolidado),Fábrica,07/08/2025 03:34:06,07/08/2025 04:57:56,Saiu da cerca,1.4
RIBAS,FOW8J57,Carregamento (Consolidado),Carregamento,07/08/2025 03:34:06,07/08/2025 04:34:03,Saiu da cerca,1.0
RIBAS,FOW8J57,Enlonamento RRP,Parada Operacional,07/08/2025 04:34:03,07/08/2025 04:57:56,Saiu da cerca,23m
RIBAS,FOW8J57,Buffer frotas ,Parada Operacional,07/08/2025 04:59:37,07/08/2025 05:14:36,Saiu da cerca (Consolidado),0.25
RIBAS,FOW8J57,Agua Clara,Parada Operacional,07/08/2025 06:51:49,07/08/2025 07:06:55,Saiu da cerca,15m
RIBAS,GBJ0J68,Terminal (Consolidado),Terminal,06/08/2025 21:51:36,06/08/2025 22:08:54,Saiu da cerca,0.29
RIBAS,GBJ0J68,Descarga (Consolidado),Descarga,06/08/2025 21:51:36,06/08/2025 22:04:37,Saiu da cerca,0.22
RIBAS,GBJ0J68,Descarga INO,Não Mapeado,06/08/2025 21:51:36,06/08/2025 22:04:37,Saiu da cerca,13m
RIBAS,GBJ0J68,Descarga Inocencia,Não Mapeado,06/08/2025 21:51:36,06/08/2025 22:10:54,Saiu da cerca,19m
RIBAS,GBJ0J68,Patio Carregado INO,Parada Operacional,06/08/2025 22:04:37,06/08/2025 22:08:54,Saiu da cerca,4m
RIBAS,GBJ0J68,Agua Clara,Parada Operacional,07/08/2025 00:32:46,07/08/2025 01:04:56,Saiu da cerca,32m
RIBAS,GBJ0J68,Enlonamento RRP,Parada Operacional,07/08/2025 06:22:19,07/08/2025 06:33:05,Saiu da cerca,10m
RIBAS,JDO4D13,Descarga Inocencia,Não Mapeado,06/08/2025 20:47:32,,Entrou na cerca,
RIBAS,JDO4D13,Terminal (Consolidado),Terminal,06/08/2025 20:49:33,,Entrou na cerca,0.0
RIBAS,JDO4D13,Descarga (Consolidado),Descarga,06/08/2025 20:49:33,06/08/2025 21:09:26,Saiu da cerca,0.33
RIBAS,JDO4D13,Patio Carregado INO,Parada Operacional,06/08/2025 20:50:19,06/08/2025 20:59:53,Saiu da cerca,9m
RIBAS,JDO4D13,Descarga INO,Não Mapeado,06/08/2025 20:59:53,06/08/2025 21:09:26,Saiu da cerca,9m
RIBAS,JDO4D13,Patio Vazio INO,Parada Operacional,06/08/2025 21:09:26,06/08/2025 21:09:56,Saiu da cerca,0m
RIBAS,JDO4D13,Patio Carregado INO,Parada Operacional,06/08/2025 21:09:56,,Entrou na cerca,
RIBAS,QTQ0F44,Carregamento Fabrica RRP,Fábrica,06/08/2025 17:20:16,06/08/2025 19:42:51,Saiu da cerca,2h 22m
RIBAS,QTQ0F44,Enlonamento RRP,Parada Operacional,06/08/2025 19:14:05,06/08/2025 19:42:51,Saiu da cerca,28m
RIBAS,QTQ0F44,Buffer frotas ,Parada Operacional,06/08/2025 20:05:22,06/08/2025 21:16:40,Saiu da cerca,1h 11m
RIBAS,QTQ0F44,Agua Clara,Parada Operacional,06/08/2025 22:30:46,06/08/2025 23:14:49,Saiu da cerca,44m
RIBAS,QTQ0F44,Terminal (Consolidado),Terminal,07/08/2025 02:49:34,07/08/2025 03:50:07,Saiu da cerca,1.01
RIBAS,QTQ0F44,Descarga (Consolidado),Descarga,07/08/2025 02:49:34,07/08/2025 03:50:07,Saiu da cerca,1.01
RIBAS,QTQ0F44,Patio Vazio INO,Parada Operacional,07/08/2025 02:49:34,07/08/2025 03:04:35,Saiu da cerca,15m
RIBAS,QTQ0F44,Descarga Inocencia,Não Mapeado,07/08/2025 02:49:34,07/08/2025 03:50:07,Saiu da cerca,1h 0m
RIBAS,QTQ0F44,Descarga INO,Não Mapeado,07/08/2025 03:04:35,07/08/2025 03:50:07,Saiu da cerca,45m
RIBAS,QTQ0F44,Agua Clara,Parada Operacional,07/08/2025 06:02:32,07/08/2025 06:17:33,Saiu da cerca,15m
RIBAS,QUA0J34,Buffer frotas ,Parada Operacional,06/08/2025 17:30:58,06/08/2025 19:53:23,Saiu da cerca,2h 22m
RIBAS,QUA0J34,Fábrica (Consolidado),Fábrica,06/08/2025 19:55:24,06/08/2025 22:00:10,Saiu da cerca,2.08
RIBAS,QUA0J34,Carregamento (Consolidado),Carregamento,06/08/2025 19:55:24,06/08/2025 21:42:46,Saiu da cerca,1.79
RIBAS,QUA0J34,Enlonamento RRP,Parada Operacional,06/08/2025 19:55:24,06/08/2025 22:00:10,Saiu da cerca (Consolidado),2.08
RIBAS,QUA0J34,Buffer frotas ,Parada Operacional,06/08/2025 22:01:32,06/08/2025 22:15:30,Saiu da cerca,13m
RIBAS,QUA0J34,Agua Clara,Parada Operacional,06/08/2025 23:31:09,06/08/2025 23:41:17,Saiu da cerca,10m
RIBAS,QUA0J34,Descarga Inocencia,Não Mapeado,07/08/2025 01:48:12,07/08/2025 01:50:48,Saiu da cerca,2m
RIBAS,QUA0J34,Terminal (Consolidado),Terminal,07/08/2025 01:50:58,07/08/2025 02:44:10,Saiu da cerca,0.89
RIBAS,QUA0J34,Descarga (Consolidado),Descarga,07/08/2025 01:50:58,07/08/2025 02:34:04,Saiu da cerca,0.72
RIBAS,QUA0J34,Patio Carregado INO,Parada Operacional,07/08/2025 01:50:58,07/08/2025 02:02:03,Saiu da cerca,11m
RIBAS,QUA0J34,Descarga Inocencia,Não Mapeado,07/08/2025 01:50:58,07/08/2025 02:46:11,Saiu da cerca,55m
RIBAS,QUA0J34,Descarga INO,Não Mapeado,07/08/2025 02:02:03,07/08/2025 02:36:04,Saiu da cerca,34m
RIBAS,QUA0J34,Patio Vazio INO,Parada Operacional,07/08/2025 02:02:03,07/08/2025 02:36:04,Saiu da cerca (Consolidado),0.57
RIBAS,QUA0J34,Patio Carregado INO,Parada Operacional,07/08/2025 02:36:04,07/08/2025 02:44:10,Saiu da cerca,8m
RIBAS,QUA0J34,Agua Clara,Parada Operacional,07/08/2025 04:41:32,07/08/2025 05:07:29,Saiu da cerca,25m
RIBAS,QUA0J34,Abastecimento Frotas RRP,Parada Operacional,07/08/2025 06:24:26,07/08/2025 06:36:19,Saiu da cerca,11m
RIBAS,QUA0J34,Pro LOG,Não Mapeado,07/08/2025 06:24:26,07/08/2025 06:36:19,Saiu da cerca,11m
RIBAS,RWB3C06,Abastecimento Frotas RRP,Parada Operacional,06/08/2025 20:43:46,06/08/2025 21:01:49,Saiu da cerca,18m
RIBAS,RWB3C06,Pro LOG,Não Mapeado,06/08/2025 20:43:46,06/08/2025 21:01:49,Saiu da cerca,18m
RIBAS,RWB3C06,Fábrica (Consolidado),Fábrica,06/08/2025 22:39:27,07/08/2025 00:12:11,Saiu da cerca,1.55
RIBAS,RWB3C06,Carregamento (Consolidado),Carregamento,06/08/2025 22:39:27,06/08/2025 23:56:46,Saiu da cerca,1.29
RIBAS,RWB3C06,Enlonamento RRP,Parada Operacional,06/08/2025 22:39:27,07/08/2025 00:12:11,Saiu da cerca (Consolidado),1.55
RIBAS,RWB3C06,Agua Clara,Parada Operacional,07/08/2025 02:55:10,07/08/2025 03:10:17,Saiu da cerca,15m
RIBAS,RWD4B32,Buffer frotas ,Parada Operacional,06/08/2025 18:18:40,06/08/2025 21:24:00,Saiu da cerca,3h 5m
RIBAS,RWD4B32,Fábrica (Consolidado),Fábrica,06/08/2025 21:28:01,06/08/2025 22:19:09,Saiu da cerca,0.85
RIBAS,RWD4B32,Carregamento (Consolidado),Carregamento,06/08/2025 21:28:01,06/08/2025 21:54:51,Saiu da cerca,0.45
RIBAS,RWD4B32,Enlonamento RRP,Parada Operacional,06/08/2025 21:54:51,06/08/2025 21:55:27,Saiu da cerca,0m
RIBAS,RWD4B32,Buffer frotas ,Parada Operacional,06/08/2025 22:19:09,06/08/2025 22:57:16,Saiu da cerca,38m
RIBAS,RWD4B32,Posto Mutum,Parada Operacional,06/08/2025 23:47:24,06/08/2025 23:49:25,Saiu da cerca,2m
RIBAS,RWD4B32,Agua Clara,Parada Operacional,07/08/2025 00:16:29,07/08/2025 00:25:30,Saiu da cerca,9m
RIBAS,RWD4B32,Descarga Inocencia,Não Mapeado,07/08/2025 02:38:08,07/08/2025 06:22:18,Saiu da cerca,3h 44m
RIBAS,RWD4B32,Terminal (Consolidado),Terminal,07/08/2025 02:42:09,07/08/2025 06:18:17,Saiu da cerca,3.6
RIBAS,RWD4B32,Descarga (Consolidado),Descarga,07/08/2025 02:42:09,07/08/2025 04:03:14,Saiu da cerca,1.35
RIBAS,RWD4B32,Patio Carregado INO,Parada Operacional,07/08/2025 02:42:09,07/08/2025 02:55:11,Saiu da cerca,13m
RIBAS,RWD4B32,Patio Vazio INO,Parada Operacional,07/08/2025 02:55:11,07/08/2025 03:16:14,Saiu da cerca,21m
RIBAS,RWD4B32,Descarga INO,Não Mapeado,07/08/2025 02:59:12,07/08/2025 04:03:14,Saiu da cerca,1h 4m
RIBAS,RWD4B32,Patio Vazio INO,Parada Operacional,07/08/2025 04:03:14,07/08/2025 06:18:17,Saiu da cerca,2h 15m
RIBAS,RWF6G80,Manutencao JSL RRP,Manutenção,06/08/2025 19:04:10,07/08/2025 06:06:13,Saiu da cerca,11h 2m
RIBAS,RWF6G80,Manuten¿¿o Geral JSL RRP,Manutenção,06/08/2025 19:04:10,07/08/2025 06:06:13,Saiu da cerca,11h 2m
RIBAS,RWF6G80,Lavador Elite Ribas,Não Mapeado,07/08/2025 06:02:12,07/08/2025 06:04:13,Saiu da cerca,2m
RIBAS,SMG2D73,Terminal (Consolidado),Terminal,06/08/2025 20:31:42,06/08/2025 21:08:28,Saiu da cerca,0.61
RIBAS,SMG2D73,Descarga (Consolidado),Descarga,06/08/2025 20:31:42,06/08/2025 20:58:22,Saiu da cerca,0.44
RIBAS,SMG2D73,Patio Carregado INO,Parada Operacional,06/08/2025 20:31:42,06/08/2025 20:50:16,Saiu da cerca,18m
RIBAS,SMG2D73,Descarga Inocencia,Não Mapeado,06/08/2025 20:31:42,06/08/2025 21:12:10,Saiu da cerca,40m
RIBAS,SMG2D73,Descarga INO,Não Mapeado,06/08/2025 20:50:16,06/08/2025 20:58:22,Saiu da cerca,8m
RIBAS,SMG2D73,Patio Carregado INO,Parada Operacional,06/08/2025 20:58:22,06/08/2025 21:08:28,Saiu da cerca,10m
RIBAS,SMG2D73,Agua Clara,Parada Operacional,06/08/2025 23:07:54,06/08/2025 23:17:58,Saiu da cerca,10m
RIBAS,SMG2D73,Abastecimento Frotas RRP,Parada Operacional,07/08/2025 00:31:46,07/08/2025 00:37:07,Saiu da cerca,5m
RIBAS,SMG2D73,Descarga Inocencia,Não Mapeado,07/08/2025 00:37:07,07/08/2025 00:37:22,Saiu da cerca,0m
RIBAS,SMG2D73,Abastecimento Frotas RRP,Parada Operacional,07/08/2025 00:37:22,07/08/2025 00:47:58,Saiu da cerca,10m
RIBAS,SMG2D73,Pro LOG,Não Mapeado,07/08/2025 00:37:22,07/08/2025 00:47:58,Saiu da cerca,10m
RIBAS,SMG2D73,Descarga Inocencia,Não Mapeado,07/08/2025 00:49:20,07/08/2025 00:49:29,Saiu da cerca,0m
RIBAS,SMG2D73,Fábrica (Consolidado),Fábrica,07/08/2025 03:05:10,07/08/2025 04:10:04,Saiu da cerca,1.08
RIBAS,SMG2D73,Carregamento (Consolidado),Carregamento,07/08/2025 03:05:10,07/08/2025 03:46:18,Saiu da cerca,0.69
RIBAS,SMG2D73,Enlonamento RRP,Parada Operacional,07/08/2025 03:58:31,07/08/2025 04:07:34,Saiu da cerca,9m
RIBAS,SMG2D73,Agua Clara,Parada Operacional,07/08/2025 05:41:28,07/08/2025 06:08:02,Saiu da cerca,26m
RIBAS,SMG5F48,Fábrica (Consolidado),Fábrica,06/08/2025 17:53:23,06/08/2025 20:00:51,Saiu da cerca,2.12
RIBAS,SMG5F48,Carregamento (Consolidado),Carregamento,06/08/2025 17:53:23,07/08/2025 07:07:51,Saiu da cerca,13.24
RIBAS,SMG5F48,Enlonamento RRP,Parada Operacional,06/08/2025 19:46:55,06/08/2025 19:49:41,Saiu da cerca (Consolidado),0.05
RIBAS,SMG5F48,Buffer frotas ,Parada Operacional,06/08/2025 20:08:52,06/08/2025 20:20:15,Saiu da cerca,11m
RIBAS,SMG5F48,Posto Mutum,Parada Operacional,06/08/2025 21:11:09,06/08/2025 21:13:10,Saiu da cerca,2m
RIBAS,SMG5F48,Agua Clara,Parada Operacional,06/08/2025 21:41:54,06/08/2025 21:52:58,Saiu da cerca,11m
RIBAS,SMG5F48,Descarga Inocencia,Não Mapeado,07/08/2025 00:04:43,07/08/2025 00:58:19,Saiu da cerca,53m
RIBAS,SMG5F48,Terminal (Consolidado),Terminal,07/08/2025 00:07:32,07/08/2025 00:56:18,Saiu da cerca,0.81
RIBAS,SMG5F48,Descarga (Consolidado),Descarga,07/08/2025 00:07:32,07/08/2025 00:33:10,Saiu da cerca,0.43
RIBAS,SMG5F48,Patio Carregado INO,Parada Operacional,07/08/2025 00:07:32,07/08/2025 00:19:43,Saiu da cerca,12m
RIBAS,SMG5F48,Descarga INO,Não Mapeado,07/08/2025 00:19:43,07/08/2025 00:34:48,Saiu da cerca,15m
RIBAS,SMG5F48,Patio Vazio INO,Parada Operacional,07/08/2025 00:33:10,07/08/2025 00:34:48,Saiu da cerca,1m
RIBAS,SMG5F48,Patio Carregado INO,Parada Operacional,07/08/2025 00:34:48,07/08/2025 00:56:18,Saiu da cerca,21m
RIBAS,SMG5F48,Agua Clara,Parada Operacional,07/08/2025 02:57:02,07/08/2025 03:09:07,Saiu da cerca,12m
RIBAS,SMG5F48,Posto Mutum,Parada Operacional,07/08/2025 03:36:30,07/08/2025 04:50:11,Saiu da cerca,1h 13m
RIBAS,SMG5F48,Abastecimento Frotas RRP,Parada Operacional,07/08/2025 05:26:42,07/08/2025 05:38:09,Saiu da cerca,11m
RIBAS,SMG5F48,Pro LOG,Não Mapeado,07/08/2025 05:26:42,07/08/2025 05:35:37,Saiu da cerca,8m
RIBAS,SMG5F48,Enlonamento RRP,Parada Operacional,07/08/2025 05:52:01,07/08/2025 07:37:32,Saiu da cerca (Consolidado),1.76
RIBAS,SMG6H57,Buffer frotas ,Parada Operacional,06/08/2025 17:37:26,06/08/2025 19:53:08,Saiu da cerca,2h 15m
RIBAS,SMG6H57,Fábrica (Consolidado),Fábrica,06/08/2025 19:55:09,06/08/2025 21:41:43,Saiu da cerca,1.78
RIBAS,SMG6H57,Carregamento (Consolidado),Carregamento,06/08/2025 19:55:09,06/08/2025 21:22:09,Saiu da cerca,1.45
RIBAS,SMG6H57,Enlonamento RRP,Parada Operacional,06/08/2025 21:22:09,06/08/2025 21:41:43,Saiu da cerca,19m
RIBAS,SMG6H57,Buffer frotas ,Parada Operacional,06/08/2025 21:43:46,06/08/2025 22:10:39,Saiu da cerca,26m
RIBAS,SMG6H57,Agua Clara,Parada Operacional,06/08/2025 23:29:54,06/08/2025 23:39:01,Saiu da cerca,9m
RIBAS,SMG6H57,Terminal (Consolidado),Terminal,07/08/2025 02:42:07,07/08/2025 03:11:22,Saiu da cerca,0.49
RIBAS,SMG6H57,Descarga (Consolidado),Descarga,07/08/2025 02:42:07,07/08/2025 03:01:17,Saiu da cerca,0.32
RIBAS,SMG6H57,Descarga INO,Não Mapeado,07/08/2025 02:42:07,07/08/2025 02:59:17,Saiu da cerca,17m
RIBAS,SMG6H57,Descarga Inocencia,Não Mapeado,07/08/2025 02:42:07,07/08/2025 03:12:23,Saiu da cerca,30m
RIBAS,SMG6H57,Patio Carregado INO,Parada Operacional,07/08/2025 03:01:17,07/08/2025 03:11:22,Saiu da cerca,10m
RIBAS,SMG6H57,Agua Clara,Parada Operacional,07/08/2025 06:23:58,07/08/2025 06:32:02,Saiu da cerca,8m
RIBAS,SMG9B17,Agua Clara,Parada Operacional,06/08/2025 21:04:02,06/08/2025 21:22:07,Saiu da cerca,18m
RIBAS,SMG9B17,PA AGUA CLARA,Ponto Apoio,06/08/2025 21:05:02,06/08/2025 21:09:03,Saiu da cerca,4m
RIBAS,SMG9B17,Descarga Inocencia,Não Mapeado,06/08/2025 23:53:13,07/08/2025 00:32:16,Saiu da cerca,39m
RIBAS,SMG9B17,Terminal (Consolidado),Terminal,06/08/2025 23:55:45,07/08/2025 00:30:15,Saiu da cerca,0.57
RIBAS,SMG9B17,Descarga (Consolidado),Descarga,06/08/2025 23:55:45,07/08/2025 00:22:13,Saiu da cerca,0.44
RIBAS,SMG9B17,Patio Carregado INO,Parada Operacional,06/08/2025 23:55:45,07/08/2025 00:08:38,Saiu da cerca,12m
RIBAS,SMG9B17,Descarga INO,Não Mapeado,07/08/2025 00:08:38,07/08/2025 00:22:13,Saiu da cerca (Consolidado),0.23
RIBAS,SMG9B17,Patio Carregado INO,Parada Operacional,07/08/2025 00:22:13,07/08/2025 00:30:15,Saiu da cerca,8m
RIBAS,SMG9B17,Agua Clara,Parada Operacional,07/08/2025 02:32:47,07/08/2025 02:50:51,Saiu da cerca,18m
RIBAS,SMG9B17,Abastecimento Frotas RRP,Parada Operacional,07/08/2025 04:10:30,07/08/2025 04:25:37,Saiu da cerca,15m
RIBAS,SMG9B17,Pro LOG,Não Mapeado,07/08/2025 04:10:30,07/08/2025 04:25:37,Saiu da cerca,15m
RIBAS,SMG9B17,Buffer frotas ,Parada Operacional,07/08/2025 04:25:37,07/08/2025 06:13:59,Saiu da cerca,1h 48m
RIBAS,SMG9B17,Fábrica (Consolidado),Fábrica,07/08/2025 06:15:59,07/08/2025 07:24:37,Saiu da cerca,1.14
RIBAS,SMG9B17,Carregamento (Consolidado),Carregamento,07/08/2025 06:15:59,07/08/2025 07:28:52,Saiu da cerca,1.21
RIBAS,SMG9C17,Fábrica (Consolidado),Fábrica,06/08/2025 17:52:30,07/08/2025 07:33:38,Saiu da cerca,13.69
RIBAS,SMG9C17,Carregamento (Consolidado),Carregamento,06/08/2025 17:52:30,07/08/2025 07:33:38,Saiu da cerca,13.69
RIBAS,SMG9C17,Enlonamento RRP,Parada Operacional,06/08/2025 19:35:19,06/08/2025 19:47:34,Saiu da cerca,12m
RIBAS,SMG9C17,Agua Clara,Parada Operacional,06/08/2025 21:31:51,06/08/2025 21:37:54,Saiu da cerca,6m
RIBAS,SMG9C17,Terminal (Consolidado),Terminal,06/08/2025 23:45:04,07/08/2025 00:29:50,Saiu da cerca,0.75
RIBAS,SMG9C17,Descarga (Consolidado),Descarga,06/08/2025 23:45:04,07/08/2025 00:16:02,Saiu da cerca,0.52
RIBAS,SMG9C17,Patio Carregado INO,Parada Operacional,06/08/2025 23:45:04,07/08/2025 00:00:01,Saiu da cerca,14m
RIBAS,SMG9C17,Descarga Inocencia,Não Mapeado,06/08/2025 23:45:04,07/08/2025 00:31:50,Saiu da cerca,46m
RIBAS,SMG9C17,Descarga INO,Não Mapeado,07/08/2025 00:00:01,07/08/2025 00:16:02,Saiu da cerca,16m
RIBAS,SMG9C17,Patio Vazio INO,Parada Operacional,07/08/2025 00:00:01,07/08/2025 00:07:43,Saiu da cerca,7m
RIBAS,SMG9C17,Patio Carregado INO,Parada Operacional,07/08/2025 00:16:02,07/08/2025 00:29:50,Saiu da cerca,13m
RIBAS,SMG9C17,Agua Clara,Parada Operacional,07/08/2025 02:21:36,07/08/2025 02:34:43,Saiu da cerca,13m
RIBAS,SMG9C17,Abastecimento Frotas RRP,Parada Operacional,07/08/2025 03:43:06,07/08/2025 03:55:24,Saiu da cerca,12m
RIBAS,SMG9C17,Pro LOG,Não Mapeado,07/08/2025 03:43:06,07/08/2025 03:55:24,Saiu da cerca,12m
RIBAS,SMG9C17,Enlonamento RRP,Parada Operacional,07/08/2025 06:13:47,07/08/2025 06:21:50,Saiu da cerca,8m
RIBAS,SMG9D17,Agua Clara,Parada Operacional,06/08/2025 21:14:51,06/08/2025 21:23:54,Saiu da cerca,9m
RIBAS,SMG9D17,Posto Mutum,Parada Operacional,06/08/2025 21:50:03,06/08/2025 22:16:43,Saiu da cerca,26m
RIBAS,SMG9D17,Abastecimento Frotas RRP,Parada Operacional,06/08/2025 22:48:54,06/08/2025 22:59:58,Saiu da cerca,11m
RIBAS,SMG9D17,Pro LOG,Não Mapeado,06/08/2025 22:49:28,06/08/2025 22:59:58,Saiu da cerca,10m
RIBAS,SMG9D17,Carregamento (Consolidado),Carregamento,07/08/2025 04:19:09,07/08/2025 04:43:11,Saiu da cerca,0.4
RIBAS,SMG9D17,Fábrica (Consolidado),Fábrica,07/08/2025 04:19:09,07/08/2025 05:04:19,Saiu da cerca,0.75
RIBAS,SMG9D17,Enlonamento RRP,Parada Operacional,07/08/2025 04:44:31,07/08/2025 04:56:07,Saiu da cerca,11m
RIBAS,SMG9D17,Buffer frotas ,Parada Operacional,07/08/2025 05:04:19,07/08/2025 05:34:15,Saiu da cerca,29m
RIBAS,SMG9D17,Posto Mutum,Parada Operacional,07/08/2025 06:32:38,07/08/2025 06:34:38,Saiu da cerca,2m
RIBAS,SMG9D17,Agua Clara,Parada Operacional,07/08/2025 07:04:49,07/08/2025 07:12:51,Saiu da cerca,8m
RIBAS,SMG9E17,Agua Clara,Parada Operacional,06/08/2025 21:21:13,06/08/2025 21:44:54,Saiu da cerca,23m
RIBAS,SMG9E17,Abastecimento Frotas RRP,Parada Operacional,06/08/2025 23:02:09,06/08/2025 23:11:09,Saiu da cerca,9m
RIBAS,SMG9E17,Pro LOG,Não Mapeado,06/08/2025 23:02:31,06/08/2025 23:11:09,Saiu da cerca,8m
RIBAS,SMG9E17,Buffer frotas ,Parada Operacional,06/08/2025 23:11:09,07/08/2025 02:27:34,Saiu da cerca,3h 16m
RIBAS,SMG9E17,Fábrica (Consolidado),Fábrica,07/08/2025 02:29:14,07/08/2025 03:51:14,Saiu da cerca,1.37
RIBAS,SMG9E17,Carregamento (Consolidado),Carregamento,07/08/2025 02:29:14,07/08/2025 03:25:55,Saiu da cerca,0.94
RIBAS,SMG9E17,Enlonamento RRP,Parada Operacional,07/08/2025 03:25:55,07/08/2025 03:51:14,Saiu da cerca,25m
RIBAS,SMG9E17,Buffer frotas ,Parada Operacional,07/08/2025 03:52:47,07/08/2025 04:09:48,Saiu da cerca (Consolidado),0.28
RIBAS,SMG9E17,Posto Mutum,Parada Operacional,07/08/2025 05:06:01,07/08/2025 05:08:01,Saiu da cerca,2m
RIBAS,SMG9E17,Agua Clara,Parada Operacional,07/08/2025 05:37:19,07/08/2025 05:46:21,Saiu da cerca,9m
RIBAS,SMG9I17,Descarga Inocencia,Não Mapeado,06/08/2025 18:53:52,06/08/2025 19:55:48,Saiu da cerca,1h 1m
RIBAS,SMG9I17,Terminal (Consolidado),Terminal,06/08/2025 18:56:39,06/08/2025 19:53:23,Saiu da cerca,0.95
RIBAS,SMG9I17,Descarga (Consolidado),Descarga,06/08/2025 18:56:39,06/08/2025 19:47:04,Saiu da cerca,0.84
RIBAS,SMG9I17,Patio Carregado INO,Parada Operacional,06/08/2025 18:56:39,06/08/2025 19:09:13,Saiu da cerca,12m
RIBAS,SMG9I17,Descarga INO,Não Mapeado,06/08/2025 19:09:13,06/08/2025 19:47:04,Saiu da cerca,37m
RIBAS,SMG9I17,Patio Vazio INO,Parada Operacional,06/08/2025 19:09:13,06/08/2025 19:23:31,Saiu da cerca,14m
RIBAS,SMG9I17,Patio Carregado INO,Parada Operacional,06/08/2025 19:47:04,06/08/2025 19:53:23,Saiu da cerca,6m
RIBAS,SMG9I17,Agua Clara,Parada Operacional,06/08/2025 21:55:38,06/08/2025 22:04:40,Saiu da cerca,9m
RIBAS,SMG9I17,Oficina JSL,Manutenção,06/08/2025 23:17:17,06/08/2025 23:29:35,Saiu da cerca,12m
RIBAS,SMG9I17,Abastecimento Frotas RRP,Parada Operacional,06/08/2025 23:33:45,06/08/2025 23:41:38,Saiu da cerca,7m
RIBAS,SMG9I17,Pro LOG,Não Mapeado,06/08/2025 23:33:45,06/08/2025 23:41:38,Saiu da cerca,7m
RIBAS,SMG9I17,Fábrica (Consolidado),Fábrica,07/08/2025 02:58:54,07/08/2025 04:09:43,Saiu da cerca,1.18
RIBAS,SMG9I17,Carregamento (Consolidado),Carregamento,07/08/2025 02:58:54,07/08/2025 03:52:50,Saiu da cerca,0.9
RIBAS,SMG9I17,Enlonamento RRP,Parada Operacional,07/08/2025 03:52:50,07/08/2025 03:53:21,Saiu da cerca,0m
RIBAS,SMG9I17,Buffer frotas ,Parada Operacional,07/08/2025 04:09:43,07/08/2025 04:42:08,Saiu da cerca,32m
RIBAS,SMG9I17,Agua Clara,Parada Operacional,07/08/2025 06:03:05,07/08/2025 06:35:49,Saiu da cerca,32m
RIBAS,SMH0F11,Abastecimento Frotas RRP,Parada Operacional,06/08/2025 20:43:48,06/08/2025 20:58:31,Saiu da cerca,14m
RIBAS,SMH0F11,Pro LOG,Não Mapeado,06/08/2025 20:43:48,06/08/2025 20:58:31,Saiu da cerca,14m
RIBAS,SMH0F11,Fábrica (Consolidado),Fábrica,06/08/2025 22:40:15,07/08/2025 00:42:30,Saiu da cerca,2.04
RIBAS,SMH0F11,Carregamento (Consolidado),Carregamento,06/08/2025 22:40:15,07/08/2025 00:09:23,Saiu da cerca,1.49
RIBAS,SMH0F11,Enlonamento RRP,Parada Operacional,06/08/2025 22:40:15,07/08/2025 00:18:51,Saiu da cerca (Consolidado),1.64
RIBAS,SMH0F11,Posto Mutum,Parada Operacional,07/08/2025 02:23:47,07/08/2025 02:25:47,Saiu da cerca,2m
RIBAS,SMH0F11,Agua Clara,Parada Operacional,07/08/2025 02:55:57,07/08/2025 03:11:04,Saiu da cerca,15m
RIBAS,SMH0F11,Patio Carregado INO,Parada Operacional,07/08/2025 05:51:49,07/08/2025 06:11:42,Saiu da cerca,19m
FILIAL 16622,SYD5F88,Carregamento Fabrica,Fábrica,06/08/2025 19:20:22,06/08/2025 20:46:25,Saiu da cerca,1h 26m
FILIAL 16622,SYD5F88,TRAJETO FABRICA X PA,Não Mapeado,06/08/2025 20:52:27,06/08/2025 21:42:51,Saiu da cerca,50m
FILIAL 16622,SYD5F88,MONTANINI,Parada Operacional,06/08/2025 21:42:51,06/08/2025 21:44:51,Saiu da cerca,2m
FILIAL 16622,SYD5F88,TRAJETO PA X APARECIDA 1,Não Mapeado,06/08/2025 21:42:51,06/08/2025 22:15:16,Saiu da cerca,32m
FILIAL 16622,SYD5F88,TRAJETO PA X APARECIDA 2,Não Mapeado,06/08/2025 22:17:17,06/08/2025 23:20:39,Saiu da cerca,1h 3m
FILIAL 16622,SYD5F88,SELVIRIA,Parada Operacional,06/08/2025 22:43:27,06/08/2025 22:49:30,Saiu da cerca,6m
FILIAL 16622,SYD5F88,TRAJETO PA X APARECIDA 3,Não Mapeado,06/08/2025 23:20:39,07/08/2025 01:57:57,Saiu da cerca (Consolidado),2.62
FILIAL 16622,SYD5F88,Terminal (Consolidado),Terminal,06/08/2025 23:49:59,07/08/2025 01:33:49,Saiu da cerca,1.73
FILIAL 16622,SYD5F88,TRAJETO PA X APARECIDA 2,Não Mapeado,07/08/2025 01:57:57,07/08/2025 02:49:18,Saiu da cerca,51m
FILIAL 16622,SYD5F88,SELVIRIA,Parada Operacional,07/08/2025 02:23:06,07/08/2025 02:27:08,Saiu da cerca,4m
FILIAL 16622,SYD5F88,TRAJETO PA X APARECIDA 1,Não Mapeado,07/08/2025 02:49:18,07/08/2025 03:35:01,Saiu da cerca,45m
FILIAL 16622,SYD5F88,PA Celulose,Ponto Apoio,07/08/2025 03:35:01,07/08/2025 05:25:07,Saiu da cerca,1h 50m
FILIAL 16622,SYD5F88,TRAJETO PA X APARECIDA 1,Não Mapeado,07/08/2025 05:25:07,07/08/2025 05:27:38,Saiu da cerca,2m
FILIAL 16622,SYD5F88,TRAJETO FABRICA X PA,Não Mapeado,07/08/2025 05:27:38,07/08/2025 06:17:58,Saiu da cerca (Consolidado),0.84
FILIAL 16622,SYD5F88,Trajeto Posto,Não Mapeado,07/08/2025 06:17:58,07/08/2025 06:21:15,Saiu da cerca,3m
FILIAL 16622,SYD5F88,Fila abastecimento posto,Parada Operacional,07/08/2025 06:23:07,07/08/2025 06:36:38,Saiu da cerca,13m
FILIAL 16622,SYD5F88,POSTO DE ABASTECIMENTO,Parada Operacional,07/08/2025 06:36:38,07/08/2025 06:46:23,Saiu da cerca,9m
FILIAL 16622,SYD5F88,Trajeto Posto,Não Mapeado,07/08/2025 06:46:23,07/08/2025 06:49:23,Saiu da cerca,3m
FILIAL 16622,SYD5F88,AREA EXTERNA SUZANO,Parada Operacional,07/08/2025 06:50:21,07/08/2025 06:51:37,Saiu da cerca,1m
FILIAL 16622,SYD5F88,TRAJETO FABRICA X PA,Não Mapeado,07/08/2025 06:51:37,07/08/2025 06:53:40,Saiu da cerca,2m
RIBAS,SYD5F89,Terminal (Consolidado),Terminal,06/08/2025 21:26:37,06/08/2025 22:01:08,Saiu da cerca,0.58
RIBAS,SYD5F89,Descarga (Consolidado),Descarga,06/08/2025 21:26:37,06/08/2025 21:54:54,Saiu da cerca,0.47
RIBAS,SYD5F89,Patio Carregado INO,Parada Operacional,06/08/2025 21:26:37,06/08/2025 21:35:54,Saiu da cerca,9m
RIBAS,SYD5F89,Descarga Inocencia,Não Mapeado,06/08/2025 21:26:37,06/08/2025 22:06:11,Saiu da cerca,39m
RIBAS,SYD5F89,Descarga INO,Não Mapeado,06/08/2025 21:35:54,06/08/2025 21:54:54,Saiu da cerca,19m
RIBAS,SYD5F89,Patio Vazio INO,Parada Operacional,06/08/2025 21:35:54,06/08/2025 21:37:56,Saiu da cerca,2m
RIBAS,SYD5F89,Patio Carregado INO,Parada Operacional,06/08/2025 21:54:54,06/08/2025 22:01:08,Saiu da cerca,6m
RIBAS,SYD5F89,Agua Clara,Parada Operacional,07/08/2025 00:38:40,07/08/2025 01:35:14,Saiu da cerca,56m
RIBAS,SYD5F89,Oficina JSL,Manutenção,07/08/2025 02:40:57,07/08/2025 02:50:09,Saiu da cerca (Consolidado),0.15
RIBAS,SYD5F90,Terminal Inocencia,Terminal,06/08/2025 19:01:26,06/08/2025 20:55:18,Saiu da cerca,1h 53m
RIBAS,SYD5F90,Descarga Inocencia,Não Mapeado,06/08/2025 19:01:26,06/08/2025 21:01:05,Saiu da cerca,1h 59m
RIBAS,SYD5F90,Descarga INO,Não Mapeado,06/08/2025 19:15:43,06/08/2025 19:58:28,Saiu da cerca,42m
RIBAS,SYD5F90,Patio Vazio INO,Parada Operacional,06/08/2025 19:15:43,06/08/2025 19:58:28,Saiu da cerca,42m
RIBAS,SYD5F90,Patio Carregado INO,Parada Operacional,06/08/2025 19:58:28,06/08/2025 20:55:18,Saiu da cerca,56m
RIBAS,SYD5F90,Agua Clara,Parada Operacional,06/08/2025 22:54:12,06/08/2025 23:03:17,Saiu da cerca,9m
RIBAS,SYD5F90,Abastecimento Frotas RRP,Parada Operacional,07/08/2025 00:27:24,07/08/2025 00:28:58,Saiu da cerca,1m
RIBAS,SYD5F90,Pro LOG,Não Mapeado,07/08/2025 00:27:24,07/08/2025 00:28:58,Saiu da cerca,1m
RIBAS,SYD5F90,Abastecimento Frotas RRP,Parada Operacional,07/08/2025 00:29:09,07/08/2025 00:30:03,Saiu da cerca,0m
RIBAS,SYD5F90,Pro LOG,Não Mapeado,07/08/2025 00:29:09,07/08/2025 00:30:03,Saiu da cerca,0m
RIBAS,SYD5F90,Abastecimento Frotas RRP,Parada Operacional,07/08/2025 00:40:27,07/08/2025 00:44:11,Saiu da cerca,3m
RIBAS,SYD5F90,Pro LOG,Não Mapeado,07/08/2025 00:40:27,07/08/2025 00:44:11,Saiu da cerca,3m
RIBAS,SYD5F91,Descarga Inocencia,Não Mapeado,06/08/2025 19:29:38,06/08/2025 20:28:15,Saiu da cerca,58m
RIBAS,SYD5F91,Terminal (Consolidado),Terminal,06/08/2025 19:33:35,06/08/2025 20:24:59,Saiu da cerca,0.86
RIBAS,SYD5F91,Descarga (Consolidado),Descarga,06/08/2025 19:33:35,06/08/2025 20:16:56,Saiu da cerca,0.72
RIBAS,SYD5F91,Patio Carregado INO,Parada Operacional,06/08/2025 19:33:35,06/08/2025 19:56:26,Saiu da cerca,22m
RIBAS,SYD5F91,Descarga INO,Não Mapeado,06/08/2025 19:56:26,06/08/2025 20:16:56,Saiu da cerca,20m
RIBAS,SYD5F91,Patio Vazio INO,Parada Operacional,06/08/2025 20:16:56,06/08/2025 20:18:58,Saiu da cerca,2m
RIBAS,SYD5F91,Patio Carregado INO,Parada Operacional,06/08/2025 20:18:58,06/08/2025 20:24:59,Saiu da cerca,6m
RIBAS,SYD5F91,Agua Clara,Parada Operacional,06/08/2025 22:22:02,06/08/2025 22:32:35,Saiu da cerca,10m
RIBAS,SYD5F91,Abastecimento Frotas RRP,Parada Operacional,06/08/2025 23:42:46,07/08/2025 00:28:49,Saiu da cerca,46m
RIBAS,SYD5F91,Pro LOG,Não Mapeado,06/08/2025 23:42:46,07/08/2025 00:28:49,Saiu da cerca,46m
RIBAS,SYD5F91,Fábrica (Consolidado),Fábrica,07/08/2025 03:09:19,07/08/2025 04:27:04,Saiu da cerca,1.3
RIBAS,SYD5F91,Carregamento (Consolidado),Carregamento,07/08/2025 03:09:19,07/08/2025 04:04:25,Saiu da cerca,0.92
RIBAS,SYD5F91,Enlonamento RRP,Parada Operacional,07/08/2025 04:04:35,07/08/2025 04:27:04,Saiu da cerca (Consolidado),0.37
RIBAS,SYD5F91,Buffer frotas ,Parada Operacional,07/08/2025 04:29:05,07/08/2025 04:43:44,Saiu da cerca,14m
RIBAS,SYD5F93,Oficina JSL,Manutenção,06/08/2025 13:38:33,07/08/2025 03:01:44,Saiu da cerca,13h 23m
RIBAS,SYD5F93,Abastecimento Frotas RRP,Parada Operacional,07/08/2025 03:08:46,07/08/2025 03:21:14,Saiu da cerca,12m
RIBAS,SYD5F93,Pro LOG,Não Mapeado,07/08/2025 03:08:46,07/08/2025 03:21:14,Saiu da cerca,12m
RIBAS,SYD5F93,Buffer frotas ,Parada Operacional,07/08/2025 03:24:25,07/08/2025 04:05:18,Saiu da cerca,40m
FILIAL 16622,SYD5F94,TRAJETO PA X APARECIDA 2,Não Mapeado,06/08/2025 18:41:42,06/08/2025 19:31:25,Saiu da cerca,49m
FILIAL 16622,SYD5F94,TRAJETO PA X APARECIDA 1,Não Mapeado,06/08/2025 19:31:25,06/08/2025 20:04:28,Saiu da cerca,33m
FILIAL 16622,SYD5F94,MONTANINI,Parada Operacional,06/08/2025 20:00:10,06/08/2025 20:00:45,Saiu da cerca,0m
FILIAL 16622,SYD5F94,TRAJETO FABRICA X PA,Não Mapeado,06/08/2025 20:04:28,06/08/2025 20:46:02,Saiu da cerca,41m
FILIAL 16622,SYD5F94,Trajeto Posto,Não Mapeado,06/08/2025 20:46:28,06/08/2025 20:48:08,Saiu da cerca,1m
FILIAL 16622,SYD5F94,Fila abastecimento posto,Parada Operacional,06/08/2025 20:50:37,06/08/2025 21:09:17,Saiu da cerca,18m
FILIAL 16622,SYD5F94,POSTO DE ABASTECIMENTO,Parada Operacional,06/08/2025 21:09:17,06/08/2025 21:16:21,Saiu da cerca,7m
FILIAL 16622,SYD5F94,Trajeto Posto,Não Mapeado,06/08/2025 21:16:21,06/08/2025 21:18:42,Saiu da cerca,2m
FILIAL 16622,SYD5F94,AREA EXTERNA SUZANO,Parada Operacional,06/08/2025 21:20:01,06/08/2025 21:22:57,Saiu da cerca,2m
FILIAL 16622,SYD5F94,Fábrica (Consolidado),Fábrica,06/08/2025 21:22:57,06/08/2025 22:28:22,Saiu da cerca,1.09
FILIAL 16622,SYD5F94,TRAJETO FABRICA X PA,Não Mapeado,06/08/2025 22:28:22,06/08/2025 23:17:33,Saiu da cerca (Consolidado),0.82
FILIAL 16622,SYD5F94,TRAJETO PA,Não Mapeado,06/08/2025 23:17:33,06/08/2025 23:17:54,Saiu da cerca,0m
FILIAL 16622,SYD5F94,PA Celulose,Ponto Apoio,06/08/2025 23:17:54,06/08/2025 23:48:05,Saiu da cerca,30m
FILIAL 16622,SYD5F94,TRAJETO PA,Não Mapeado,06/08/2025 23:48:05,06/08/2025 23:49:59,Saiu da cerca,1m
FILIAL 16622,SYD5F94,TRAJETO PA X APARECIDA 1,Não Mapeado,06/08/2025 23:49:59,07/08/2025 00:23:46,Saiu da cerca,33m
FILIAL 16622,SYD5F94,MONTANINI,Parada Operacional,06/08/2025 23:52:13,06/08/2025 23:52:48,Saiu da cerca,0m
FILIAL 16622,SYD5F94,TRAJETO PA X APARECIDA 2,Não Mapeado,07/08/2025 00:29:00,07/08/2025 01:26:48,Saiu da cerca,57m
FILIAL 16622,SYD5F94,SELVIRIA,Parada Operacional,07/08/2025 00:50:26,07/08/2025 00:54:33,Saiu da cerca,4m
FILIAL 16622,SYD5F94,TRAJETO PA X APARECIDA 3,Não Mapeado,07/08/2025 01:26:48,07/08/2025 04:14:13,Saiu da cerca (Consolidado),2.79
FILIAL 16622,SYD5F94,Terminal (Consolidado),Terminal,07/08/2025 01:53:23,07/08/2025 03:52:15,Saiu da cerca,1.98
FILIAL 16622,SYD5F94,TRAJETO PA X APARECIDA 2,Não Mapeado,07/08/2025 04:14:13,07/08/2025 05:04:58,Saiu da cerca,50m
FILIAL 16622,SYD5F94,SELVIRIA,Parada Operacional,07/08/2025 04:39:28,07/08/2025 04:45:31,Saiu da cerca,6m
FILIAL 16622,SYD5F94,TRAJETO PA X APARECIDA 1,Não Mapeado,07/08/2025 05:04:58,07/08/2025 05:42:23,Saiu da cerca,37m
FILIAL 16622,SYD5F94,MONTANINI,Parada Operacional,07/08/2025 05:37:07,07/08/2025 05:37:42,Saiu da cerca,0m
FILIAL 16622,SYD5F94,TRAJETO PA,Não Mapeado,07/08/2025 05:42:23,07/08/2025 05:42:57,Saiu da cerca,0m
FILIAL 16622,SYD5F94,PA Celulose,Ponto Apoio,07/08/2025 05:42:57,07/08/2025 06:07:15,Saiu da cerca,24m
FILIAL 16622,SYD5F94,TRAJETO PA,Não Mapeado,07/08/2025 06:07:15,07/08/2025 06:08:05,Saiu da cerca,0m
FILIAL 16622,SYD5F94,TRAJETO FABRICA X PA,Não Mapeado,07/08/2025 06:08:05,07/08/2025 06:57:53,Saiu da cerca,49m
FILIAL 16622,SYD5F94,AREA EXTERNA SUZANO,Parada Operacional,07/08/2025 07:00:54,07/08/2025 07:03:43,Saiu da cerca,2m
RIBAS,SYD5F96,Descarga Inocencia,Não Mapeado,06/08/2025 21:21:37,06/08/2025 21:43:37,Saiu da cerca,22m
RIBAS,SYD5F96,Terminal (Consolidado),Terminal,06/08/2025 21:24:37,06/08/2025 22:49:20,Saiu da cerca,1.41
RIBAS,SYD5F96,Descarga (Consolidado),Descarga,06/08/2025 21:24:37,06/08/2025 21:43:37,Saiu da cerca,0.32
RIBAS,SYD5F96,Patio Carregado INO,Parada Operacional,06/08/2025 21:24:37,06/08/2025 21:32:28,Saiu da cerca,7m
RIBAS,SYD5F96,Descarga INO,Não Mapeado,06/08/2025 21:32:28,06/08/2025 21:43:37,Saiu da cerca,11m
RIBAS,SYD5F96,Patio Vazio INO,Parada Operacional,06/08/2025 21:32:28,06/08/2025 21:35:33,Saiu da cerca,3m
RIBAS,SYD5F96,Descarga INO,Não Mapeado,06/08/2025 21:45:38,06/08/2025 21:47:02,Saiu da cerca,1m
RIBAS,SYD5F96,Patio Vazio INO,Parada Operacional,06/08/2025 21:45:38,06/08/2025 21:47:02,Saiu da cerca,1m
RIBAS,SYD5F96,Descarga Inocencia,Não Mapeado,06/08/2025 21:45:38,06/08/2025 22:53:20,Saiu da cerca,1h 7m
RIBAS,SYD5F96,Patio Carregado INO,Parada Operacional,06/08/2025 21:47:02,06/08/2025 22:49:20,Saiu da cerca,1h 2m
RIBAS,SYD5F96,Agua Clara,Parada Operacional,07/08/2025 00:39:18,07/08/2025 02:28:34,Saiu da cerca,1h 49m
RIBAS,SYD5F96,PA AGUA CLARA,Ponto Apoio,07/08/2025 00:49:22,07/08/2025 02:28:34,Saiu da cerca,1h 39m
RIBAS,SYD5F96,Abastecimento Frotas RRP,Parada Operacional,07/08/2025 03:43:18,07/08/2025 03:54:25,Saiu da cerca,11m
RIBAS,SYD5F96,Pro LOG,Não Mapeado,07/08/2025 03:43:18,07/08/2025 03:54:25,Saiu da cerca,11m
RIBAS,SYD5F96,Fábrica (Consolidado),Fábrica,07/08/2025 05:39:51,07/08/2025 06:57:20,Saiu da cerca,1.29
RIBAS,SYD5F96,Carregamento (Consolidado),Carregamento,07/08/2025 05:39:51,07/08/2025 06:08:01,Saiu da cerca,0.47
RIBAS,SYD5F96,Enlonamento RRP,Parada Operacional,07/08/2025 05:41:52,07/08/2025 05:53:28,Saiu da cerca (Consolidado),0.19
RIBAS,SYD5F96,Buffer frotas ,Parada Operacional,07/08/2025 06:57:20,07/08/2025 07:16:25,Saiu da cerca,19m
RIBAS,SYD5F99,Terminal (Consolidado),Terminal,06/08/2025 21:17:16,06/08/2025 21:38:04,Saiu da cerca,0.35
RIBAS,SYD5F99,Descarga (Consolidado),Descarga,06/08/2025 21:17:16,06/08/2025 21:31:18,Saiu da cerca,0.23
RIBAS,SYD5F99,Patio Carregado INO,Parada Operacional,06/08/2025 21:17:16,06/08/2025 21:18:39,Saiu da cerca,1m
RIBAS,SYD5F99,Descarga Inocencia,Não Mapeado,06/08/2025 21:17:16,06/08/2025 21:42:06,Saiu da cerca,24m
RIBAS,SYD5F99,Descarga INO,Não Mapeado,06/08/2025 21:18:39,06/08/2025 21:29:16,Saiu da cerca,10m
RIBAS,SYD5F99,Patio Vazio INO,Parada Operacional,06/08/2025 21:18:39,06/08/2025 21:20:04,Saiu da cerca,1m
RIBAS,SYD5F99,Patio Carregado INO,Parada Operacional,06/08/2025 21:31:18,06/08/2025 21:38:04,Saiu da cerca,6m
RIBAS,SYD5F99,Agua Clara,Parada Operacional,06/08/2025 23:36:28,07/08/2025 01:20:31,Saiu da cerca,1h 44m
RIBAS,SYD5F99,PA AGUA CLARA,Ponto Apoio,06/08/2025 23:44:31,07/08/2025 01:20:31,Saiu da cerca (Consolidado),1.6
RIBAS,SYD5F99,Abastecimento Frotas RRP,Parada Operacional,07/08/2025 02:30:42,07/08/2025 02:42:48,Saiu da cerca,12m
RIBAS,SYD5F99,Pro LOG,Não Mapeado,07/08/2025 02:30:42,07/08/2025 02:42:48,Saiu da cerca (Consolidado),0.2
RIBAS,SYD5F99,Fábrica (Consolidado),Fábrica,07/08/2025 04:49:39,07/08/2025 05:43:50,Saiu da cerca,0.9
RIBAS,SYD5F99,Carregamento (Consolidado),Carregamento,07/08/2025 04:49:39,07/08/2025 05:37:48,Saiu da cerca,0.8
RIBAS,SYD5F99,Buffer frotas ,Parada Operacional,07/08/2025 05:53:32,07/08/2025 06:00:37,Saiu da cerca,7m
RIBAS,SYD5F99,Agua Clara,Parada Operacional,07/08/2025 07:13:59,07/08/2025 07:22:02,Saiu da cerca,8m
RIBAS,SYD5G01,Agua Clara,Parada Operacional,06/08/2025 20:47:34,06/08/2025 21:27:40,Saiu da cerca,40m
RIBAS,SYD5G01,PA AGUA CLARA,Ponto Apoio,06/08/2025 20:56:40,06/08/2025 21:25:08,Saiu da cerca,28m
RIBAS,SYD5G01,Posto Mutum,Parada Operacional,06/08/2025 21:55:51,06/08/2025 22:15:06,Saiu da cerca,19m
RIBAS,SYD5G01,Oficina JSL,Manutenção,06/08/2025 22:44:24,06/08/2025 23:39:59,Saiu da cerca (Consolidado),0.93
RIBAS,SYD5G01,Abastecimento Frotas RRP,Parada Operacional,06/08/2025 23:47:53,07/08/2025 00:29:57,Saiu da cerca,42m
RIBAS,SYD5G01,Pro LOG,Não Mapeado,06/08/2025 23:47:53,07/08/2025 00:29:57,Saiu da cerca,42m
RIBAS,SYD5G01,Fábrica (Consolidado),Fábrica,07/08/2025 02:03:02,07/08/2025 03:13:55,Saiu da cerca,1.18
RIBAS,SYD5G01,Carregamento (Consolidado),Carregamento,07/08/2025 02:03:02,07/08/2025 02:49:23,Saiu da cerca,0.77
RIBAS,SYD5G01,Enlonamento RRP,Parada Operacional,07/08/2025 02:50:50,07/08/2025 03:13:55,Saiu da cerca,23m
RIBAS,SYD5G01,Buffer frotas ,Parada Operacional,07/08/2025 03:15:56,07/08/2025 03:33:38,Saiu da cerca,17m
RIBAS,SYD5G02,Posto Mutum,Parada Operacional,06/08/2025 19:07:19,06/08/2025 19:37:34,Saiu da cerca,30m
RIBAS,SYD5G02,Oficina JSL,Manutenção,06/08/2025 20:04:46,06/08/2025 20:06:47,Saiu da cerca (Consolidado),0.03
RIBAS,SYD5G03,Buffer frotas ,Parada Operacional,06/08/2025 15:50:39,06/08/2025 19:58:30,Saiu da cerca,4h 7m
RIBAS,SYD5G03,Oficina JSL,Manutenção,06/08/2025 20:06:34,,Entrou na cerca,
RIBAS,SYD5G04,Agua Clara,Parada Operacional,06/08/2025 20:35:36,06/08/2025 20:49:42,Saiu da cerca,14m
RIBAS,SYD5G04,Oficina JSL,Manutenção,06/08/2025 21:58:08,07/08/2025 01:54:57,Saiu da cerca (Consolidado),3.95
RIBAS,SYD5G04,Abastecimento Frotas RRP,Parada Operacional,07/08/2025 02:00:59,07/08/2025 02:14:55,Saiu da cerca,13m
RIBAS,SYD5G04,Pro LOG,Não Mapeado,07/08/2025 02:02:33,07/08/2025 02:14:55,Saiu da cerca,12m
RIBAS,SYD5G04,Fábrica (Consolidado),Fábrica,07/08/2025 04:47:46,07/08/2025 06:08:04,Saiu da cerca,1.34
RIBAS,SYD5G04,Carregamento (Consolidado),Carregamento,07/08/2025 04:47:46,07/08/2025 05:44:24,Saiu da cerca,0.94
RIBAS,SYD5G04,Enlonamento RRP,Parada Operacional,07/08/2025 05:44:24,07/08/2025 06:05:53,Saiu da cerca,21m
RIBAS,SYD5G04,Buffer frotas ,Parada Operacional,07/08/2025 06:08:04,07/08/2025 06:12:05,Saiu da cerca,4m
RIBAS,SYD5G05,Fábrica (Consolidado),Fábrica,06/08/2025 22:32:57,07/08/2025 01:57:50,Saiu da cerca,3.41
RIBAS,SYD5G05,Carregamento (Consolidado),Carregamento,06/08/2025 22:32:57,07/08/2025 01:12:32,Saiu da cerca,2.66
RIBAS,SYD5G05,Enlonamento RRP,Parada Operacional,06/08/2025 22:32:57,07/08/2025 01:55:19,Saiu da cerca (Consolidado),3.37
RIBAS,SYD5G05,Buffer frotas ,Parada Operacional,07/08/2025 01:59:13,07/08/2025 03:22:44,Saiu da cerca,1h 23m
RIBAS,SYD5G15,Agua Clara,Parada Operacional,06/08/2025 20:51:45,06/08/2025 21:11:11,Saiu da cerca,19m
RIBAS,SYD5G15,Oficina JSL,Manutenção,06/08/2025 22:25:29,,Entrou na cerca,
RIBAS,SYD5G16,Agua Clara,Parada Operacional,06/08/2025 19:49:52,06/08/2025 19:57:54,Saiu da cerca,8m
RIBAS,SYD5G16,Posto Mutum,Parada Operacional,06/08/2025 20:22:05,06/08/2025 20:31:08,Saiu da cerca,9m
RIBAS,SYD5G16,Abastecimento Frotas RRP,Parada Operacional,06/08/2025 21:07:33,06/08/2025 21:17:40,Saiu da cerca,10m
RIBAS,SYD5G16,Pro LOG,Não Mapeado,06/08/2025 21:08:04,06/08/2025 21:17:40,Saiu da cerca,9m
RIBAS,SYD5G16,Fábrica (Consolidado),Fábrica,06/08/2025 23:19:15,07/08/2025 02:02:44,Saiu da cerca,2.72
RIBAS,SYD5G16,Carregamento (Consolidado),Carregamento,06/08/2025 23:19:15,07/08/2025 01:28:18,Saiu da cerca,2.15
RIBAS,SYD5G16,Enlonamento RRP,Parada Operacional,06/08/2025 23:19:15,07/08/2025 02:02:44,Saiu da cerca (Consolidado),2.72
RIBAS,SYD5G16,Agua Clara,Parada Operacional,07/08/2025 03:37:02,07/08/2025 03:44:50,Saiu da cerca,7m
RIBAS,SYD5G17,Oficina JSL,Manutenção,06/08/2025 16:03:01,06/08/2025 21:45:37,Saiu da cerca,5h 42m
RIBAS,SYD5G17,Abastecimento Frotas RRP,Parada Operacional,06/08/2025 21:51:41,06/08/2025 22:01:55,Saiu da cerca,10m
RIBAS,SYD5G17,Pro LOG,Não Mapeado,06/08/2025 21:52:30,06/08/2025 22:01:55,Saiu da cerca,9m
RIBAS,SYD5G17,Buffer frotas ,Parada Operacional,06/08/2025 22:01:55,07/08/2025 04:37:26,Saiu da cerca,6h 35m
RIBAS,SYD5G17,Fábrica (Consolidado),Fábrica,07/08/2025 04:41:27,07/08/2025 05:48:19,Saiu da cerca,1.11
RIBAS,SYD5G17,Carregamento (Consolidado),Carregamento,07/08/2025 04:41:27,07/08/2025 05:09:04,Saiu da cerca,0.46
RIBAS,SYD5G17,Enlonamento RRP,Parada Operacional,07/08/2025 05:09:04,07/08/2025 05:48:19,Saiu da cerca,39m
RIBAS,SYD5G17,Buffer frotas ,Parada Operacional,07/08/2025 05:48:19,,Entrou na cerca,
RIBAS,SYD5G18,Oficina JSL,Manutenção,06/08/2025 07:43:00,06/08/2025 21:20:09,Saiu da cerca,13h 37m
RIBAS,SYD5G18,Descarga Inocencia,Não Mapeado,07/08/2025 03:02:20,07/08/2025 04:53:05,Saiu da cerca,1h 50m
RIBAS,SYD5G19,Buffer frotas ,Parada Operacional,06/08/2025 20:28:36,06/08/2025 21:34:32,Saiu da cerca,1h 5m
RIBAS,SYD5G19,Fábrica (Consolidado),Fábrica,06/08/2025 21:36:34,06/08/2025 23:25:27,Saiu da cerca,1.81
RIBAS,SYD5G19,Carregamento (Consolidado),Carregamento,06/08/2025 21:36:34,06/08/2025 22:49:32,Saiu da cerca,1.22
RIBAS,SYD5G19,Enlonamento RRP,Parada Operacional,06/08/2025 22:49:32,06/08/2025 23:23:12,Saiu da cerca,33m
RIBAS,SYD5G19,Buffer frotas ,Parada Operacional,06/08/2025 23:25:27,06/08/2025 23:50:37,Saiu da cerca,25m
RIBAS,SYD5G19,Agua Clara,Parada Operacional,07/08/2025 01:14:11,07/08/2025 07:35:32,Saiu da cerca,6h 21m
RIBAS,SYD5G19,PA AGUA CLARA,Ponto Apoio,07/08/2025 01:18:11,07/08/2025 07:27:29,Saiu da cerca,6h 9m
RIBAS,SYD5G20,Terminal (Consolidado),Terminal,06/08/2025 19:59:54,06/08/2025 20:41:22,Saiu da cerca,0.69
RIBAS,SYD5G20,Descarga (Consolidado),Descarga,06/08/2025 19:59:54,06/08/2025 20:33:33,Saiu da cerca,0.56
RIBAS,SYD5G20,Patio Carregado INO,Parada Operacional,06/08/2025 19:59:54,06/08/2025 20:10:13,Saiu da cerca,10m
RIBAS,SYD5G20,Descarga Inocencia,Não Mapeado,06/08/2025 19:59:54,06/08/2025 20:43:23,Saiu da cerca,43m
RIBAS,SYD5G20,Descarga INO,Não Mapeado,06/08/2025 20:10:13,06/08/2025 20:33:33,Saiu da cerca,23m
RIBAS,SYD5G20,Patio Vazio INO,Parada Operacional,06/08/2025 20:33:33,06/08/2025 20:35:35,Saiu da cerca,2m
RIBAS,SYD5G20,Patio Carregado INO,Parada Operacional,06/08/2025 20:35:35,06/08/2025 20:41:22,Saiu da cerca,5m
RIBAS,SYD5G20,Agua Clara,Parada Operacional,06/08/2025 22:31:29,07/08/2025 00:12:20,Saiu da cerca,1h 40m
RIBAS,SYD5G20,PA AGUA CLARA,Ponto Apoio,06/08/2025 22:39:33,07/08/2025 00:12:20,Saiu da cerca,1h 32m
RIBAS,SYD5G20,Abastecimento Frotas RRP,Parada Operacional,07/08/2025 01:44:18,07/08/2025 01:53:22,Saiu da cerca,9m
RIBAS,SYD5G20,Pro LOG,Não Mapeado,07/08/2025 01:44:18,07/08/2025 01:53:22,Saiu da cerca,9m
RIBAS,SYD5G20,Buffer frotas ,Parada Operacional,07/08/2025 01:55:22,07/08/2025 07:04:59,Saiu da cerca (Consolidado),5.16
RIBAS,SYD5G20,Fábrica (Consolidado),Fábrica,07/08/2025 04:57:38,07/08/2025 06:20:37,Saiu da cerca,1.38
RIBAS,SYD5G20,Carregamento (Consolidado),Carregamento,07/08/2025 04:57:38,07/08/2025 05:47:38,Saiu da cerca,0.83
RIBAS,SYD5G21,Terminal (Consolidado),Terminal,06/08/2025 18:54:31,06/08/2025 19:49:51,Saiu da cerca,0.92
RIBAS,SYD5G21,Descarga (Consolidado),Descarga,06/08/2025 18:54:31,06/08/2025 19:38:28,Saiu da cerca,0.73
RIBAS,SYD5G21,Descarga Inocencia,Não Mapeado,06/08/2025 18:54:31,06/08/2025 19:51:51,Saiu da cerca,57m
RIBAS,SYD5G21,Descarga INO,Não Mapeado,06/08/2025 19:04:12,06/08/2025 19:32:11,Saiu da cerca (Consolidado),0.47
RIBAS,SYD5G21,Patio Carregado INO,Parada Operacional,06/08/2025 19:38:28,06/08/2025 19:49:51,Saiu da cerca,11m
RIBAS,SYD5G21,Agua Clara,Parada Operacional,06/08/2025 22:13:00,06/08/2025 23:18:44,Saiu da cerca,1h 5m
RIBAS,SYD5G21,PA AGUA CLARA,Ponto Apoio,06/08/2025 22:23:09,06/08/2025 23:16:42,Saiu da cerca,53m
RIBAS,SYD5G21,Abastecimento Frotas RRP,Parada Operacional,07/08/2025 00:36:17,07/08/2025 00:50:42,Saiu da cerca,14m
RIBAS,SYD5G21,Pro LOG,Não Mapeado,07/08/2025 00:42:31,07/08/2025 00:48:11,Saiu da cerca,5m
RIBAS,SYD5G22,Buffer frotas ,Parada Operacional,06/08/2025 16:29:47,07/08/2025 04:13:45,Saiu da cerca,11h 43m
RIBAS,SYD5G22,Fábrica (Consolidado),Fábrica,07/08/2025 04:15:46,07/08/2025 05:11:38,Saiu da cerca,0.93
RIBAS,SYD5G22,Carregamento (Consolidado),Carregamento,07/08/2025 04:15:46,07/08/2025 04:42:21,Saiu da cerca,0.44
RIBAS,SYD5G22,Enlonamento RRP,Parada Operacional,07/08/2025 04:43:21,07/08/2025 04:44:03,Saiu da cerca,0m
RIBAS,SYD5G22,Buffer frotas ,Parada Operacional,07/08/2025 05:11:38,07/08/2025 05:28:17,Saiu da cerca,16m
RIBAS,SYD5G22,Agua Clara,Parada Operacional,07/08/2025 06:50:25,07/08/2025 07:29:36,Saiu da cerca,39m
RIBAS,SYD5G22,PA AGUA CLARA,Ponto Apoio,07/08/2025 06:52:25,07/08/2025 07:21:34,Saiu da cerca,29m
RIBAS,SYD5G23,Agua Clara,Parada Operacional,06/08/2025 20:13:32,06/08/2025 20:25:53,Saiu da cerca,12m
RIBAS,SYD5G23,Descarga Inocencia,Não Mapeado,06/08/2025 22:43:18,06/08/2025 23:24:38,Saiu da cerca,41m
RIBAS,SYD5G23,Terminal (Consolidado),Terminal,06/08/2025 22:58:27,06/08/2025 23:22:36,Saiu da cerca,0.4
RIBAS,SYD5G23,Descarga (Consolidado),Descarga,06/08/2025 22:58:27,06/08/2025 23:12:47,Saiu da cerca,0.24
RIBAS,SYD5G23,Descarga INO,Não Mapeado,06/08/2025 22:58:27,06/08/2025 23:12:47,Saiu da cerca,14m
RIBAS,SYD5G23,Patio Carregado INO,Parada Operacional,06/08/2025 23:12:47,06/08/2025 23:22:36,Saiu da cerca,9m
RIBAS,SYD5G23,Agua Clara,Parada Operacional,07/08/2025 01:18:21,07/08/2025 01:56:36,Saiu da cerca,38m
RIBAS,SYD5G23,PA AGUA CLARA,Ponto Apoio,07/08/2025 01:31:29,07/08/2025 01:56:36,Saiu da cerca,25m
RIBAS,SYD5G23,Abastecimento Frotas RRP,Parada Operacional,07/08/2025 03:05:10,07/08/2025 03:16:01,Saiu da cerca,10m
RIBAS,SYD5G23,Pro LOG,Não Mapeado,07/08/2025 03:05:10,07/08/2025 03:16:01,Saiu da cerca,10m
RIBAS,SYD5G23,Buffer frotas ,Parada Operacional,07/08/2025 03:22:02,07/08/2025 04:45:11,Saiu da cerca (Consolidado),1.39
RIBAS,SYD5G23,Fábrica (Consolidado),Fábrica,07/08/2025 04:47:11,07/08/2025 05:51:28,Saiu da cerca,1.07
RIBAS,SYD5G23,Carregamento (Consolidado),Carregamento,07/08/2025 04:47:11,07/08/2025 05:26:58,Saiu da cerca,0.66
RIBAS,SYD5G23,Enlonamento RRP,Parada Operacional,07/08/2025 05:26:58,07/08/2025 05:29:20,Saiu da cerca,2m
RIBAS,SYD5G23,Buffer frotas ,Parada Operacional,07/08/2025 05:51:28,07/08/2025 06:03:38,Saiu da cerca,12m
RIBAS,SYD5G23,Posto Mutum,Parada Operacional,07/08/2025 07:02:38,07/08/2025 07:04:38,Saiu da cerca,2m
RIBAS,SYD5G24,Agua Clara,Parada Operacional,06/08/2025 21:10:03,06/08/2025 21:44:04,Saiu da cerca,34m
RIBAS,SYD5G24,PA AGUA CLARA,Ponto Apoio,06/08/2025 21:19:08,06/08/2025 21:44:04,Saiu da cerca,24m
RIBAS,SYD5G24,Abastecimento Frotas RRP,Parada Operacional,06/08/2025 22:57:09,06/08/2025 23:07:09,Saiu da cerca,10m
RIBAS,SYD5G24,Pro LOG,Não Mapeado,06/08/2025 22:57:09,06/08/2025 23:07:09,Saiu da cerca,10m
RIBAS,SYD5G24,Fábrica (Consolidado),Fábrica,07/08/2025 02:00:36,07/08/2025 03:16:25,Saiu da cerca,1.26
RIBAS,SYD5G24,Carregamento (Consolidado),Carregamento,07/08/2025 02:00:36,07/08/2025 03:03:03,Saiu da cerca,1.04
RIBAS,SYD5G24,Enlonamento RRP,Parada Operacional,07/08/2025 03:03:03,07/08/2025 03:04:52,Saiu da cerca,1m
RIBAS,SYD5G26,Agua Clara,Parada Operacional,06/08/2025 20:30:52,06/08/2025 21:00:02,Saiu da cerca,29m
RIBAS,SYD5G26,PA AGUA CLARA,Ponto Apoio,06/08/2025 20:34:54,06/08/2025 20:53:59,Saiu da cerca,19m
RIBAS,SYD5G26,Descarga Inocencia,Não Mapeado,06/08/2025 23:14:10,07/08/2025 00:00:48,Saiu da cerca,46m
RIBAS,SYD5G26,Terminal (Consolidado),Terminal,06/08/2025 23:17:46,06/08/2025 23:58:47,Saiu da cerca,0.68
RIBAS,SYD5G26,Descarga (Consolidado),Descarga,06/08/2025 23:17:46,06/08/2025 23:43:37,Saiu da cerca,0.43
RIBAS,SYD5G26,Patio Carregado INO,Parada Operacional,06/08/2025 23:17:46,06/08/2025 23:30:07,Saiu da cerca,12m
RIBAS,SYD5G26,Descarga INO,Não Mapeado,06/08/2025 23:30:07,06/08/2025 23:43:37,Saiu da cerca,13m
RIBAS,SYD5G26,Patio Carregado INO,Parada Operacional,06/08/2025 23:43:37,06/08/2025 23:58:47,Saiu da cerca,15m
RIBAS,SYD5G26,Agua Clara,Parada Operacional,07/08/2025 02:23:53,07/08/2025 02:50:50,Saiu da cerca,26m
RIBAS,SYD5G26,Oficina JSL,Manutenção,07/08/2025 04:06:17,,Entrou na cerca,
RIBAS,SYD5G27,Terminal (Consolidado),Terminal,06/08/2025 19:01:24,06/08/2025 20:11:56,Saiu da cerca,1.18
RIBAS,SYD5G27,Descarga (Consolidado),Descarga,06/08/2025 19:01:24,06/08/2025 20:04:37,Saiu da cerca,1.05
RIBAS,SYD5G27,Descarga Inocencia,Não Mapeado,06/08/2025 19:01:24,06/08/2025 20:15:58,Saiu da cerca,1h 14m
RIBAS,SYD5G27,Descarga INO,Não Mapeado,06/08/2025 19:20:04,06/08/2025 20:04:37,Saiu da cerca,44m
RIBAS,SYD5G27,Patio Vazio INO,Parada Operacional,06/08/2025 19:20:04,06/08/2025 19:37:38,Saiu da cerca,17m
RIBAS,SYD5G27,Patio Carregado INO,Parada Operacional,06/08/2025 20:04:37,06/08/2025 20:11:56,Saiu da cerca,7m
RIBAS,SYD5G27,Agua Clara,Parada Operacional,06/08/2025 22:10:01,06/08/2025 22:19:35,Saiu da cerca,9m
RIBAS,SYD5G27,Abastecimento Frotas RRP,Parada Operacional,06/08/2025 23:32:03,06/08/2025 23:42:38,Saiu da cerca,10m
RIBAS,SYD5G27,Pro LOG,Não Mapeado,06/08/2025 23:32:45,06/08/2025 23:40:34,Saiu da cerca,7m
RIBAS,SYD5G27,Buffer frotas ,Parada Operacional,06/08/2025 23:50:41,07/08/2025 01:56:29,Saiu da cerca (Consolidado),2.1
RIBAS,SYD5G27,Fábrica (Consolidado),Fábrica,07/08/2025 01:58:41,07/08/2025 02:59:58,Saiu da cerca,1.02
RIBAS,SYD5G27,Carregamento (Consolidado),Carregamento,07/08/2025 01:58:41,07/08/2025 02:39:18,Saiu da cerca,0.68
RIBAS,SYD5G27,Enlonamento RRP,Parada Operacional,07/08/2025 02:42:50,07/08/2025 02:44:52,Saiu da cerca,2m
RIBAS,SYD5G27,Buffer frotas ,Parada Operacional,07/08/2025 03:05:41,07/08/2025 03:21:30,Saiu da cerca,15m
RIBAS,SYD5G27,Agua Clara,Parada Operacional,07/08/2025 04:39:48,07/08/2025 06:16:42,Saiu da cerca,1h 36m
RIBAS,SYD5G27,PA AGUA CLARA,Ponto Apoio,07/08/2025 04:44:02,07/08/2025 06:06:39,Saiu da cerca,1h 22m
RIBAS,SYD5G28,Descarga Inocencia,Não Mapeado,06/08/2025 20:33:14,06/08/2025 22:32:45,Saiu da cerca,1h 59m
RIBAS,SYD5G28,Terminal (Consolidado),Terminal,06/08/2025 20:34:52,06/08/2025 22:30:45,Saiu da cerca,1.93
RIBAS,SYD5G28,Descarga (Consolidado),Descarga,06/08/2025 20:34:52,06/08/2025 21:05:45,Saiu da cerca,0.51
RIBAS,SYD5G28,Patio Carregado INO,Parada Operacional,06/08/2025 20:34:52,06/08/2025 20:53:48,Saiu da cerca,18m
RIBAS,SYD5G28,Descarga INO,Não Mapeado,06/08/2025 20:53:48,06/08/2025 21:05:45,Saiu da cerca,11m
RIBAS,SYD5G28,Patio Vazio INO,Parada Operacional,06/08/2025 21:05:45,06/08/2025 21:07:30,Saiu da cerca,1m
RIBAS,SYD5G28,Patio Carregado INO,Parada Operacional,06/08/2025 21:07:30,06/08/2025 22:30:45,Saiu da cerca,1h 23m
RIBAS,SYD5G28,Agua Clara,Parada Operacional,07/08/2025 00:30:50,07/08/2025 00:39:53,Saiu da cerca,9m
RIBAS,SYD5G28,Abastecimento Frotas RRP,Parada Operacional,07/08/2025 01:51:39,07/08/2025 02:01:51,Saiu da cerca,10m
RIBAS,SYD5G28,Pro LOG,Não Mapeado,07/08/2025 01:53:35,07/08/2025 02:01:51,Saiu da cerca,8m
RIBAS,SYD5G28,Buffer frotas ,Parada Operacional,07/08/2025 02:01:51,07/08/2025 04:42:54,Saiu da cerca,2h 41m
RIBAS,SYD5G28,Carregamento (Consolidado),Carregamento,07/08/2025 04:44:55,07/08/2025 05:20:26,Saiu da cerca,0.59
RIBAS,SYD5G28,Fábrica (Consolidado),Fábrica,07/08/2025 04:44:55,07/08/2025 05:39:10,Saiu da cerca,0.9
RIBAS,SYD5G28,Enlonamento RRP,Parada Operacional,07/08/2025 05:17:42,07/08/2025 05:39:10,Saiu da cerca (Consolidado),0.36
RIBAS,SYD5G28,Buffer frotas ,Parada Operacional,07/08/2025 05:39:10,07/08/2025 05:55:55,Saiu da cerca,16m
RIBAS,SYD5G28,Agua Clara,Parada Operacional,07/08/2025 07:11:33,07/08/2025 07:23:40,Saiu da cerca,12m
RIBAS,SYD5G30,Descarga Inocencia,Não Mapeado,06/08/2025 19:34:49,06/08/2025 20:44:16,Saiu da cerca,1h 9m
RIBAS,SYD5G30,Terminal (Consolidado),Terminal,06/08/2025 19:40:12,06/08/2025 20:42:15,Saiu da cerca,1.03
RIBAS,SYD5G30,Descarga (Consolidado),Descarga,06/08/2025 19:40:12,06/08/2025 20:29:09,Saiu da cerca,0.82
RIBAS,SYD5G30,Patio Carregado INO,Parada Operacional,06/08/2025 19:40:12,06/08/2025 19:54:29,Saiu da cerca,14m
RIBAS,SYD5G30,Descarga INO,Não Mapeado,06/08/2025 19:54:29,06/08/2025 20:29:09,Saiu da cerca,34m
RIBAS,SYD5G30,Patio Vazio INO,Parada Operacional,06/08/2025 19:54:29,06/08/2025 20:31:10,Saiu da cerca (Consolidado),0.61
RIBAS,SYD5G30,Patio Carregado INO,Parada Operacional,06/08/2025 20:31:10,06/08/2025 20:42:15,Saiu da cerca,11m
RIBAS,SYD5G30,Agua Clara,Parada Operacional,06/08/2025 22:41:44,06/08/2025 23:06:10,Saiu da cerca,24m
RIBAS,SYD5G30,Abastecimento Frotas RRP,Parada Operacional,07/08/2025 00:16:26,07/08/2025 00:35:29,Saiu da cerca,19m
RIBAS,SYD5G30,Pro LOG,Não Mapeado,07/08/2025 00:27:35,07/08/2025 00:35:29,Saiu da cerca,7m
RIBAS,SYD5G30,Oficina JSL,Manutenção,07/08/2025 01:51:36,,Entrou na cerca,
RIBAS,SYD5G31,Fábrica (Consolidado),Fábrica,06/08/2025 19:17:01,06/08/2025 21:11:25,Saiu da cerca,1.91
RIBAS,SYD5G31,Carregamento (Consolidado),Carregamento,06/08/2025 19:17:01,06/08/2025 20:38:17,Saiu da cerca,1.35
RIBAS,SYD5G31,Enlonamento RRP,Parada Operacional,06/08/2025 20:48:26,06/08/2025 21:11:25,Saiu da cerca (Consolidado),0.38
RIBAS,SYD5G31,Buffer frotas ,Parada Operacional,06/08/2025 21:12:19,06/08/2025 21:26:49,Saiu da cerca,14m
RIBAS,SYD5G31,Posto Mutum,Parada Operacional,06/08/2025 22:18:08,06/08/2025 22:20:08,Saiu da cerca,2m
RIBAS,SYD5G31,Agua Clara,Parada Operacional,06/08/2025 22:48:22,07/08/2025 03:27:26,Saiu da cerca,4h 39m
RIBAS,SYD5G31,PA AGUA CLARA,Ponto Apoio,06/08/2025 22:52:24,07/08/2025 03:19:23,Saiu da cerca,4h 26m
RIBAS,SYD5G31,Patio Carregado INO,Parada Operacional,07/08/2025 05:48:48,07/08/2025 06:05:44,Saiu da cerca,16m
RIBAS,SYD5G32,Descarga Inocencia,Não Mapeado,07/08/2025 00:07:23,07/08/2025 01:03:58,Saiu da cerca,56m
RIBAS,SYD5G32,Terminal (Consolidado),Terminal,07/08/2025 00:23:36,07/08/2025 00:57:54,Saiu da cerca,0.57
RIBAS,SYD5G32,Descarga (Consolidado),Descarga,07/08/2025 00:23:36,07/08/2025 00:48:50,Saiu da cerca,0.42
RIBAS,SYD5G32,Descarga INO,Não Mapeado,07/08/2025 00:23:36,07/08/2025 00:48:50,Saiu da cerca (Consolidado),0.42
RIBAS,SYD5G32,Patio Carregado INO,Parada Operacional,07/08/2025 00:48:50,07/08/2025 00:57:54,Saiu da cerca,9m
RIBAS,SYD5G32,Agua Clara,Parada Operacional,07/08/2025 02:59:01,07/08/2025 03:09:13,Saiu da cerca,10m
RIBAS,SYD5G32,PA AGUA CLARA,Ponto Apoio,07/08/2025 03:07:04,07/08/2025 03:09:13,Saiu da cerca,2m
RIBAS,SYD5G32,Agua Clara,Parada Operacional,07/08/2025 03:19:41,07/08/2025 03:51:02,Saiu da cerca,31m
RIBAS,SYD5G32,PA AGUA CLARA,Ponto Apoio,07/08/2025 03:19:41,07/08/2025 03:51:02,Saiu da cerca,31m
RIBAS,SYD5G32,Abastecimento Frotas RRP,Parada Operacional,07/08/2025 05:04:15,07/08/2025 05:12:28,Saiu da cerca,8m
RIBAS,SYD5G32,Pro LOG,Não Mapeado,07/08/2025 05:05:02,07/08/2025 05:12:28,Saiu da cerca,7m
RIBAS,SYD5G33,Buffer frotas ,Parada Operacional,06/08/2025 18:44:17,07/08/2025 01:11:36,Saiu da cerca (Consolidado),6.46
RIBAS,SYD5G33,Fábrica (Consolidado),Fábrica,06/08/2025 19:57:18,06/08/2025 22:12:30,Saiu da cerca,2.25
RIBAS,SYD5G33,Carregamento (Consolidado),Carregamento,06/08/2025 19:57:18,06/08/2025 22:00:11,Saiu da cerca,2.05
RIBAS,SYD5G33,Agua Clara,Parada Operacional,07/08/2025 02:40:37,07/08/2025 04:34:49,Saiu da cerca,1h 54m
RIBAS,SYD5G33,PA AGUA CLARA,Ponto Apoio,07/08/2025 02:45:41,07/08/2025 04:26:44,Saiu da cerca,1h 41m
RIBAS,SYD5G33,Terminal Inocencia,Terminal,07/08/2025 06:53:21,,Entrou na cerca,
RIBAS,SYD5G33,Patio Carregado INO,Parada Operacional,07/08/2025 06:53:21,,Entrou na cerca,
RIBAS,SYD5G33,Descarga Inocencia,Não Mapeado,07/08/2025 06:53:21,,Entrou na cerca,
RIBAS,SYD5G34,Buffer frotas ,Parada Operacional,06/08/2025 14:27:47,07/08/2025 05:42:27,Saiu da cerca,15h 14m
RIBAS,SYD5G34,Fábrica (Consolidado),Fábrica,07/08/2025 05:44:42,07/08/2025 07:02:42,Saiu da cerca,1.3
RIBAS,SYD5G34,Carregamento (Consolidado),Carregamento,07/08/2025 05:44:42,07/08/2025 06:44:17,Saiu da cerca,0.99
RIBAS,SYD5G34,Enlonamento RRP,Parada Operacional,07/08/2025 05:44:42,07/08/2025 06:47:33,Saiu da cerca (Consolidado),1.05
RIBAS,SYD5G34,Buffer frotas ,Parada Operacional,07/08/2025 07:04:55,07/08/2025 07:16:45,Saiu da cerca,11m
RIBAS,SYD5G35,Agua Clara,Parada Operacional,06/08/2025 19:34:46,06/08/2025 21:57:13,Saiu da cerca,2h 22m
RIBAS,SYD5G35,PA AGUA CLARA,Ponto Apoio,06/08/2025 19:34:46,06/08/2025 21:47:11,Saiu da cerca,2h 12m
RIBAS,SYD5G35,Descarga Inocencia,Não Mapeado,07/08/2025 00:13:46,07/08/2025 00:18:10,Saiu da cerca,4m
RIBAS,SYD5G35,Terminal Inocencia,Terminal,07/08/2025 01:01:15,07/08/2025 01:15:54,Saiu da cerca,14m
RIBAS,SYD5G35,Patio Carregado INO,Parada Operacional,07/08/2025 01:01:15,07/08/2025 01:15:54,Saiu da cerca,14m
RIBAS,SYD5G35,Descarga Inocencia,Não Mapeado,07/08/2025 01:01:15,07/08/2025 01:17:55,Saiu da cerca,16m
RIBAS,SYD5G35,PA AGUA CLARA,Ponto Apoio,07/08/2025 06:28:58,07/08/2025 07:18:36,Saiu da cerca,49m
RIBAS,SYD5G36,Agua Clara,Parada Operacional,06/08/2025 20:54:00,06/08/2025 21:02:04,Saiu da cerca,8m
RIBAS,SYD5G36,Abastecimento Frotas RRP,Parada Operacional,06/08/2025 22:15:06,06/08/2025 22:25:00,Saiu da cerca,9m
RIBAS,SYD5G36,Pro LOG,Não Mapeado,06/08/2025 22:15:06,06/08/2025 22:25:00,Saiu da cerca,9m
RIBAS,SYD5G36,Buffer frotas ,Parada Operacional,06/08/2025 22:25:00,06/08/2025 23:13:04,Saiu da cerca,48m
RIBAS,SYD5G36,Fábrica (Consolidado),Fábrica,06/08/2025 23:15:04,07/08/2025 01:28:44,Saiu da cerca,2.23
RIBAS,SYD5G36,Carregamento (Consolidado),Carregamento,06/08/2025 23:15:04,07/08/2025 00:55:14,Saiu da cerca,1.67
RIBAS,SYD5G36,Enlonamento RRP,Parada Operacional,07/08/2025 00:55:14,07/08/2025 01:01:18,Saiu da cerca,6m
RIBAS,SYD5G36,Buffer frotas ,Parada Operacional,07/08/2025 01:30:44,07/08/2025 01:46:51,Saiu da cerca,16m
RIBAS,SYD5G36,Posto Mutum,Parada Operacional,07/08/2025 02:35:56,07/08/2025 02:37:56,Saiu da cerca,2m
RIBAS,SYD5G36,Agua Clara,Parada Operacional,07/08/2025 03:06:08,07/08/2025 03:19:28,Saiu da cerca,13m
RIBAS,SYD5G36,Patio Carregado INO,Parada Operacional,07/08/2025 05:34:17,07/08/2025 05:45:32,Saiu da cerca,11m
RIBAS,SYD5G37,Descarga Inocencia,Não Mapeado,06/08/2025 18:12:37,06/08/2025 19:36:38,Saiu da cerca,1h 24m
RIBAS,SYD5G37,Terminal Inocencia,Terminal,06/08/2025 18:16:24,06/08/2025 19:34:37,Saiu da cerca,1h 18m
RIBAS,SYD5G37,Patio Carregado INO,Parada Operacional,06/08/2025 19:26:21,06/08/2025 19:34:37,Saiu da cerca,8m
RIBAS,SYD5G37,Agua Clara,Parada Operacional,06/08/2025 21:29:42,06/08/2025 21:36:45,Saiu da cerca,7m
RIBAS,SYD5G37,Abastecimento Frotas RRP,Parada Operacional,06/08/2025 22:45:33,06/08/2025 22:57:54,Saiu da cerca,12m
RIBAS,SYD5G37,Pro LOG,Não Mapeado,06/08/2025 22:46:18,06/08/2025 22:57:54,Saiu da cerca,11m
RIBAS,SYD5G37,Buffer frotas ,Parada Operacional,06/08/2025 22:57:54,06/08/2025 23:21:19,Saiu da cerca,23m
RIBAS,SYD5G37,Oficina JSL,Manutenção,06/08/2025 23:27:22,07/08/2025 00:01:27,Saiu da cerca,34m
RIBAS,SYD5G37,Fábrica (Consolidado),Fábrica,07/08/2025 05:50:23,07/08/2025 07:12:23,Saiu da cerca,1.37
RIBAS,SYD5G37,Carregamento (Consolidado),Carregamento,07/08/2025 05:50:23,07/08/2025 06:53:40,Saiu da cerca,1.05
RIBAS,SYD5G37,Enlonamento RRP,Parada Operacional,07/08/2025 06:53:40,07/08/2025 07:12:23,Saiu da cerca,18m
RIBAS,SYD5G37,Buffer frotas ,Parada Operacional,07/08/2025 07:14:35,07/08/2025 07:25:57,Saiu da cerca,11m
RIBAS,SYD5G38,Buffer frotas ,Parada Operacional,06/08/2025 18:43:55,07/08/2025 04:41:06,Saiu da cerca,9h 57m
RIBAS,SYD5G38,Fábrica (Consolidado),Fábrica,07/08/2025 04:43:09,07/08/2025 05:47:36,Saiu da cerca,1.07
RIBAS,SYD5G38,Carregamento (Consolidado),Carregamento,07/08/2025 04:43:09,07/08/2025 05:25:30,Saiu da cerca,0.71
RIBAS,SYD5G38,Enlonamento RRP,Parada Operacional,07/08/2025 05:25:30,07/08/2025 05:27:54,Saiu da cerca,2m
RIBAS,SYD5G38,Buffer frotas ,Parada Operacional,07/08/2025 05:49:31,07/08/2025 06:01:51,Saiu da cerca,12m
RIBAS,SYD5G38,Abastecimento Frotas RRP,Parada Operacional,07/08/2025 06:35:22,07/08/2025 06:46:41,Saiu da cerca,11m
RIBAS,SYD5G38,Pro LOG,Não Mapeado,07/08/2025 06:35:22,07/08/2025 06:46:41,Saiu da cerca,11m
RIBAS,SYD5G38,Oficina JSL,Manutenção,07/08/2025 06:52:45,,Entrou na cerca,
FILIAL 16622,SYD5G39,PB Lopes,Manutenção,06/08/2025 18:57:24,07/08/2025 04:18:04,Saiu da cerca (Consolidado),9.34
RIBAS,SYD5G44,Fábrica (Consolidado),Fábrica,06/08/2025 18:08:04,06/08/2025 20:49:16,Saiu da cerca,2.69
RIBAS,SYD5G44,Carregamento (Consolidado),Carregamento,06/08/2025 18:08:04,06/08/2025 20:26:35,Saiu da cerca,2.31
RIBAS,SYD5G44,Enlonamento RRP,Parada Operacional,06/08/2025 20:30:05,06/08/2025 20:49:16,Saiu da cerca,19m
RIBAS,SYD5G44,Buffer frotas ,Parada Operacional,06/08/2025 21:02:28,06/08/2025 21:04:06,Saiu da cerca,1m
RIBAS,SYD5G44,Posto Mutum,Parada Operacional,06/08/2025 21:55:50,06/08/2025 21:57:50,Saiu da cerca,2m
RIBAS,SYD5G44,Agua Clara,Parada Operacional,06/08/2025 22:24:00,06/08/2025 23:16:45,Saiu da cerca,52m
RIBAS,SYD5G44,PA AGUA CLARA,Ponto Apoio,06/08/2025 22:28:01,06/08/2025 23:07:40,Saiu da cerca,39m
RIBAS,SYD5G44,Descarga Inocencia,Não Mapeado,07/08/2025 01:32:08,07/08/2025 02:30:53,Saiu da cerca,58m
RIBAS,SYD5G44,Terminal (Consolidado),Terminal,07/08/2025 01:47:39,07/08/2025 02:28:48,Saiu da cerca,0.69
RIBAS,SYD5G44,Descarga (Consolidado),Descarga,07/08/2025 01:47:39,07/08/2025 02:22:45,Saiu da cerca,0.58
RIBAS,SYD5G44,Patio Carregado INO,Parada Operacional,07/08/2025 01:47:39,07/08/2025 01:52:52,Saiu da cerca,5m
RIBAS,SYD5G44,Descarga INO,Não Mapeado,07/08/2025 01:52:52,07/08/2025 02:22:45,Saiu da cerca,29m
RIBAS,SYD5G44,Patio Carregado INO,Parada Operacional,07/08/2025 02:22:45,07/08/2025 02:28:48,Saiu da cerca,6m
RIBAS,SYD5G48,Buffer frotas ,Parada Operacional,06/08/2025 18:54:44,06/08/2025 21:38:55,Saiu da cerca,2h 44m
RIBAS,SYD5G48,Fábrica (Consolidado),Fábrica,06/08/2025 21:40:56,06/08/2025 22:41:49,Saiu da cerca,1.01
RIBAS,SYD5G48,Carregamento (Consolidado),Carregamento,06/08/2025 21:40:56,06/08/2025 22:16:57,Saiu da cerca,0.6
RIBAS,SYD5G48,Enlonamento RRP,Parada Operacional,06/08/2025 22:18:57,06/08/2025 22:41:49,Saiu da cerca (Consolidado),0.38
RIBAS,SYD5G48,Buffer frotas ,Parada Operacional,06/08/2025 22:43:50,07/08/2025 01:12:45,Saiu da cerca,2h 28m
RIBAS,SYD5G48,Agua Clara,Parada Operacional,07/08/2025 02:26:20,07/08/2025 04:27:41,Saiu da cerca,2h 1m
RIBAS,SYD5G48,PA AGUA CLARA,Ponto Apoio,07/08/2025 02:30:22,07/08/2025 04:19:40,Saiu da cerca,1h 49m
RIBAS,SYD5G48,Descarga Inocencia,Não Mapeado,07/08/2025 06:37:45,,Entrou na cerca,
RIBAS,SYD5G48,Terminal Inocencia,Terminal,07/08/2025 06:41:16,,Entrou na cerca,
RIBAS,SYD5G48,Patio Carregado INO,Parada Operacional,07/08/2025 06:41:16,,Entrou na cerca,
RIBAS,SYD5G49,Terminal (Consolidado),Terminal,06/08/2025 17:52:25,06/08/2025 19:36:50,Saiu da cerca,1.74
RIBAS,SYD5G49,Descarga Inocencia,Não Mapeado,06/08/2025 17:52:25,06/08/2025 19:38:50,Saiu da cerca,1h 46m
RIBAS,SYD5G49,Patio Carregado INO,Parada Operacional,06/08/2025 19:22:14,06/08/2025 19:36:50,Saiu da cerca,14m
RIBAS,SYD5G49,Agua Clara,Parada Operacional,06/08/2025 21:29:32,06/08/2025 21:37:36,Saiu da cerca,8m
RIBAS,SYD5G49,Abastecimento Frotas RRP,Parada Operacional,06/08/2025 22:46:14,06/08/2025 22:55:00,Saiu da cerca,8m
RIBAS,SYD5G49,Pro LOG,Não Mapeado,06/08/2025 22:46:14,06/08/2025 22:55:00,Saiu da cerca,8m
RIBAS,SYD5G49,Buffer frotas ,Parada Operacional,06/08/2025 22:55:00,07/08/2025 03:08:12,Saiu da cerca (Consolidado),4.22
RIBAS,SYD5G49,Fábrica (Consolidado),Fábrica,07/08/2025 02:00:17,07/08/2025 02:54:52,Saiu da cerca,0.91
RIBAS,SYD5G49,Carregamento (Consolidado),Carregamento,07/08/2025 02:00:17,07/08/2025 02:35:23,Saiu da cerca,0.58
RIBAS,SYD5G49,Agua Clara,Parada Operacional,07/08/2025 04:23:00,07/08/2025 04:36:06,Saiu da cerca,13m
RIBAS,SYD5G49,Descarga Inocencia,Não Mapeado,07/08/2025 06:46:37,,Entrou na cerca,
RIBAS,SYD5G50,Fábrica (Consolidado),Fábrica,06/08/2025 18:11:27,06/08/2025 21:10:10,Saiu da cerca,2.98
RIBAS,SYD5G50,Carregamento (Consolidado),Carregamento,06/08/2025 18:11:27,06/08/2025 20:38:38,Saiu da cerca,2.45
RIBAS,SYD5G50,Enlonamento RRP,Parada Operacional,06/08/2025 20:38:38,06/08/2025 21:10:10,Saiu da cerca,31m
RIBAS,SYD5G50,Buffer frotas ,Parada Operacional,06/08/2025 21:11:24,06/08/2025 21:24:03,Saiu da cerca,12m
RIBAS,SYD5G50,Posto Mutum,Parada Operacional,06/08/2025 22:17:06,06/08/2025 22:19:08,Saiu da cerca,2m
RIBAS,SYD5G50,Agua Clara,Parada Operacional,06/08/2025 22:47:18,07/08/2025 03:37:11,Saiu da cerca,4h 49m
RIBAS,SYD5G50,PA AGUA CLARA,Ponto Apoio,06/08/2025 22:51:20,07/08/2025 03:31:08,Saiu da cerca,4h 39m
RIBAS,SYD5G50,Patio Carregado INO,Parada Operacional,07/08/2025 05:54:30,07/08/2025 06:30:33,Saiu da cerca,36m
RIBAS,SYD5G51,Descarga Inocencia,Não Mapeado,06/08/2025 18:32:16,06/08/2025 19:50:06,Saiu da cerca,1h 17m
RIBAS,SYD5G51,Terminal Inocencia,Terminal,06/08/2025 18:35:44,06/08/2025 19:48:05,Saiu da cerca,1h 12m
RIBAS,SYD5G51,Patio Carregado INO,Parada Operacional,06/08/2025 19:31:41,06/08/2025 19:48:05,Saiu da cerca,16m
RIBAS,SYD5G51,Agua Clara,Parada Operacional,06/08/2025 21:53:00,06/08/2025 22:45:50,Saiu da cerca,52m
RIBAS,SYD5G51,PA AGUA CLARA,Ponto Apoio,06/08/2025 22:02:07,06/08/2025 22:45:50,Saiu da cerca,43m
RIBAS,SYD5G51,Posto Mutum,Parada Operacional,06/08/2025 23:12:44,06/08/2025 23:13:44,Saiu da cerca,1m
RIBAS,SYD5G51,Oficina JSL,Manutenção,07/08/2025 00:01:00,07/08/2025 02:05:36,Saiu da cerca (Consolidado),2.08
RIBAS,SYD5G51,Abastecimento Frotas RRP,Parada Operacional,07/08/2025 02:09:01,07/08/2025 02:17:34,Saiu da cerca,8m
RIBAS,SYD5G51,Pro LOG,Não Mapeado,07/08/2025 02:09:01,07/08/2025 02:17:34,Saiu da cerca,8m
RIBAS,SYD5G52,Oficina JSL,Manutenção,06/08/2025 13:54:06,06/08/2025 21:15:17,Saiu da cerca,7h 21m
RIBAS,SYD5G52,Abastecimento Frotas RRP,Parada Operacional,06/08/2025 21:15:17,06/08/2025 21:31:44,Saiu da cerca,16m
RIBAS,SYD5G52,Pro LOG,Não Mapeado,06/08/2025 21:15:17,06/08/2025 21:31:44,Saiu da cerca,16m
RIBAS,SYD5G52,Buffer frotas ,Parada Operacional,06/08/2025 21:31:44,06/08/2025 23:15:24,Saiu da cerca,1h 43m
RIBAS,SYD5G52,Fábrica (Consolidado),Fábrica,06/08/2025 23:15:24,07/08/2025 00:54:48,Saiu da cerca,1.66
RIBAS,SYD5G52,Carregamento (Consolidado),Carregamento,06/08/2025 23:15:24,07/08/2025 00:33:34,Saiu da cerca,1.3
RIBAS,SYD5G52,Enlonamento RRP,Parada Operacional,07/08/2025 00:36:51,07/08/2025 00:54:48,Saiu da cerca,17m
RIBAS,SYD5G52,Agua Clara,Parada Operacional,07/08/2025 02:51:48,07/08/2025 03:21:23,Saiu da cerca,29m
RIBAS,SYD5G52,Terminal (Consolidado),Terminal,07/08/2025 05:33:14,07/08/2025 06:07:58,Saiu da cerca,0.58
RIBAS,SYD5G52,Descarga (Consolidado),Descarga,07/08/2025 05:33:14,07/08/2025 05:52:16,Saiu da cerca,0.32
RIBAS,SYD5G52,Patio Carregado INO,Parada Operacional,07/08/2025 05:33:14,07/08/2025 05:37:54,Saiu da cerca,4m
RIBAS,SYD5G52,Descarga Inocencia,Não Mapeado,07/08/2025 05:33:14,07/08/2025 06:23:38,Saiu da cerca,50m
RIBAS,SYD5G52,Descarga INO,Não Mapeado,07/08/2025 05:37:54,07/08/2025 05:52:16,Saiu da cerca,14m
RIBAS,SYD5G52,Patio Vazio INO,Parada Operacional,07/08/2025 05:37:54,07/08/2025 05:42:34,Saiu da cerca,4m
RIBAS,SYD5G52,Patio Carregado INO,Parada Operacional,07/08/2025 05:52:16,07/08/2025 06:07:58,Saiu da cerca,15m
RIBAS,SYD5G53,Terminal (Consolidado),Terminal,06/08/2025 19:34:48,06/08/2025 20:49:35,Saiu da cerca,1.25
RIBAS,SYD5G53,Descarga (Consolidado),Descarga,06/08/2025 19:34:48,06/08/2025 20:23:44,Saiu da cerca,0.82
RIBAS,SYD5G53,Patio Carregado INO,Parada Operacional,06/08/2025 19:34:48,06/08/2025 19:46:53,Saiu da cerca,12m
RIBAS,SYD5G53,Descarga Inocencia,Não Mapeado,06/08/2025 19:34:48,06/08/2025 20:49:35,Saiu da cerca,1h 14m
RIBAS,SYD5G53,Descarga INO,Não Mapeado,06/08/2025 19:46:53,06/08/2025 20:19:16,Saiu da cerca,32m
RIBAS,SYD5G53,Patio Vazio INO,Parada Operacional,06/08/2025 19:46:53,06/08/2025 19:58:20,Saiu da cerca,11m
RIBAS,SYD5G53,Patio Carregado INO,Parada Operacional,06/08/2025 20:23:44,06/08/2025 20:49:35,Saiu da cerca,25m
RIBAS,SYD5G53,Agua Clara,Parada Operacional,06/08/2025 22:33:54,06/08/2025 23:08:28,Saiu da cerca,34m
RIBAS,SYD5G53,Oficina JSL,Manutenção,07/08/2025 00:24:30,,Entrou na cerca,
RIBAS,SYD5G54,Abastecimento Frotas RRP,Parada Operacional,06/08/2025 20:33:15,06/08/2025 20:41:48,Saiu da cerca,8m
RIBAS,SYD5G54,Pro LOG,Não Mapeado,06/08/2025 20:33:55,06/08/2025 20:41:48,Saiu da cerca,7m
RIBAS,SYD5G54,Buffer frotas ,Parada Operacional,06/08/2025 20:41:48,06/08/2025 22:27:25,Saiu da cerca,1h 45m
RIBAS,SYD5G54,Fábrica (Consolidado),Fábrica,06/08/2025 22:29:25,07/08/2025 00:56:53,Saiu da cerca,2.46
RIBAS,SYD5G54,Carregamento (Consolidado),Carregamento,06/08/2025 22:29:25,07/08/2025 00:19:48,Saiu da cerca,1.84
RIBAS,SYD5G54,Enlonamento RRP,Parada Operacional,06/08/2025 22:36:00,07/08/2025 00:28:55,Saiu da cerca (Consolidado),1.88
RIBAS,SYD5G54,Agua Clara,Parada Operacional,07/08/2025 06:00:08,07/08/2025 06:28:53,Saiu da cerca,28m
RIBAS,SYD5G54,PA AGUA CLARA,Ponto Apoio,07/08/2025 06:02:54,07/08/2025 06:18:43,Saiu da cerca,15m
RIBAS,SYD5G56,Oficina JSL,Manutenção,05/08/2025 15:53:32,06/08/2025 21:20:37,Saiu da cerca,1d 5h 27m
RIBAS,SYD5G56,Abastecimento Frotas RRP,Parada Operacional,06/08/2025 21:26:24,06/08/2025 21:34:34,Saiu da cerca,8m
RIBAS,SYD5G56,Pro LOG,Não Mapeado,06/08/2025 21:26:24,06/08/2025 21:34:34,Saiu da cerca,8m
RIBAS,SYD5G56,Buffer frotas ,Parada Operacional,06/08/2025 21:34:34,06/08/2025 23:11:38,Saiu da cerca,1h 37m
RIBAS,SYD5G56,Fábrica (Consolidado),Fábrica,06/08/2025 23:13:39,07/08/2025 01:06:10,Saiu da cerca,1.88
RIBAS,SYD5G56,Carregamento (Consolidado),Carregamento,06/08/2025 23:13:39,07/08/2025 00:47:02,Saiu da cerca,1.56
RIBAS,SYD5G56,Enlonamento RRP,Parada Operacional,06/08/2025 23:13:39,07/08/2025 01:04:08,Saiu da cerca (Consolidado),1.84
RIBAS,SYD5G56,Buffer frotas ,Parada Operacional,07/08/2025 01:06:10,07/08/2025 01:25:45,Saiu da cerca,19m
RIBAS,SYD5G56,Agua Clara,Parada Operacional,07/08/2025 02:44:44,07/08/2025 04:11:33,Saiu da cerca,1h 26m
RIBAS,SYD5G56,PA AGUA CLARA,Ponto Apoio,07/08/2025 02:50:31,07/08/2025 04:05:29,Saiu da cerca (Consolidado),1.25
RIBAS,SYD5G56,Descarga Inocencia,Não Mapeado,07/08/2025 06:16:09,07/08/2025 06:19:37,Saiu da cerca,3m
RIBAS,SYD5G56,Terminal Inocencia,Terminal,07/08/2025 07:21:51,,Entrou na cerca,
RIBAS,SYD5G56,Patio Carregado INO,Parada Operacional,07/08/2025 07:21:51,,Entrou na cerca,
RIBAS,SYD5G56,Descarga Inocencia,Não Mapeado,07/08/2025 07:21:51,,Entrou na cerca,
RIBAS,SYD5G57,Descarga Inocencia,Não Mapeado,06/08/2025 18:55:24,06/08/2025 19:49:49,Saiu da cerca,54m
RIBAS,SYD5G57,Terminal (Consolidado),Terminal,06/08/2025 19:10:36,06/08/2025 20:20:04,Saiu da cerca,1.16
RIBAS,SYD5G57,Descarga (Consolidado),Descarga,06/08/2025 19:10:36,06/08/2025 19:49:49,Saiu da cerca,0.65
RIBAS,SYD5G57,Descarga INO,Não Mapeado,06/08/2025 19:14:28,06/08/2025 19:49:49,Saiu da cerca,35m
RIBAS,SYD5G57,Patio Vazio INO,Parada Operacional,06/08/2025 19:14:28,06/08/2025 19:25:10,Saiu da cerca,10m
RIBAS,SYD5G57,Descarga INO,Não Mapeado,06/08/2025 19:51:50,06/08/2025 19:53:22,Saiu da cerca,1m
RIBAS,SYD5G57,Patio Vazio INO,Parada Operacional,06/08/2025 19:51:50,06/08/2025 19:53:22,Saiu da cerca,1m
RIBAS,SYD5G57,Descarga Inocencia,Não Mapeado,06/08/2025 19:51:50,06/08/2025 20:26:52,Saiu da cerca,35m
RIBAS,SYD5G57,Patio Carregado INO,Parada Operacional,06/08/2025 19:53:22,06/08/2025 20:20:04,Saiu da cerca,26m
RIBAS,SYD5G57,Agua Clara,Parada Operacional,06/08/2025 22:19:27,06/08/2025 22:42:55,Saiu da cerca,23m
RIBAS,SYD5G57,Abastecimento Frotas RRP,Parada Operacional,06/08/2025 23:53:06,07/08/2025 00:27:23,Saiu da cerca,34m
RIBAS,SYD5G57,Pro LOG,Não Mapeado,06/08/2025 23:53:54,07/08/2025 00:27:23,Saiu da cerca,33m
RIBAS,SYD5G57,Buffer frotas ,Parada Operacional,07/08/2025 00:27:23,07/08/2025 03:07:04,Saiu da cerca,2h 39m
RIBAS,SYD5G57,Fábrica (Consolidado),Fábrica,07/08/2025 03:11:07,07/08/2025 04:19:13,Saiu da cerca,1.14
RIBAS,SYD5G57,Carregamento (Consolidado),Carregamento,07/08/2025 03:11:07,07/08/2025 04:07:03,Saiu da cerca,0.93
RIBAS,SYD5G57,Enlonamento RRP,Parada Operacional,07/08/2025 04:07:03,07/08/2025 04:07:49,Saiu da cerca,0m
RIBAS,SYD5G57,Buffer frotas ,Parada Operacional,07/08/2025 04:30:09,07/08/2025 04:44:29,Saiu da cerca,14m
RIBAS,SYD5G57,Agua Clara,Parada Operacional,07/08/2025 06:04:02,07/08/2025 06:40:52,Saiu da cerca,36m
FILIAL 16622,SYD5G60,TRAJETO PA X APARECIDA 1,Não Mapeado,06/08/2025 19:16:34,06/08/2025 19:49:56,Saiu da cerca,33m
FILIAL 16622,SYD5G60,MONTANINI,Parada Operacional,06/08/2025 19:45:28,06/08/2025 19:46:05,Saiu da cerca,0m
FILIAL 16622,SYD5G60,TRAJETO FABRICA X PA,Não Mapeado,06/08/2025 19:49:56,06/08/2025 20:30:52,Saiu da cerca,40m
FILIAL 16622,SYD5G60,Trajeto Posto,Não Mapeado,06/08/2025 20:30:52,06/08/2025 20:32:21,Saiu da cerca,1m
FILIAL 16622,SYD5G60,POSTO DE ABASTECIMENTO,Parada Operacional,06/08/2025 20:34:48,06/08/2025 20:42:00,Saiu da cerca,7m
FILIAL 16622,SYD5G60,Trajeto Posto,Não Mapeado,06/08/2025 20:42:00,06/08/2025 20:43:35,Saiu da cerca,1m
FILIAL 16622,SYD5G60,AREA EXTERNA SUZANO,Parada Operacional,06/08/2025 20:46:09,06/08/2025 20:47:16,Saiu da cerca,1m
FILIAL 16622,SYD5G60,TRAJETO FABRICA X PA,Não Mapeado,06/08/2025 20:47:16,06/08/2025 22:29:26,Saiu da cerca (Consolidado),1.7
FILIAL 16622,SYD5G60,Fábrica (Consolidado),Fábrica,06/08/2025 20:50:13,07/08/2025 07:07:42,Saiu da cerca,10.29
FILIAL 16622,SYD5G60,TRAJETO PA X APARECIDA 1,Não Mapeado,06/08/2025 22:29:26,06/08/2025 23:18:52,Saiu da cerca,49m
FILIAL 16622,SYD5G60,MONTANINI,Parada Operacional,06/08/2025 22:38:50,06/08/2025 22:47:00,Saiu da cerca,8m
FILIAL 16622,SYD5G60,TRAJETO PA X APARECIDA 1,Não Mapeado,06/08/2025 23:22:35,06/08/2025 23:23:29,Saiu da cerca,0m
FILIAL 16622,SYD5G60,TRAJETO PA X APARECIDA 2,Não Mapeado,06/08/2025 23:23:29,07/08/2025 00:19:52,Saiu da cerca,56m
FILIAL 16622,SYD5G60,SELVIRIA,Parada Operacional,06/08/2025 23:47:17,06/08/2025 23:51:21,Saiu da cerca,4m
FILIAL 16622,SYD5G60,TRAJETO PA X APARECIDA 3,Não Mapeado,07/08/2025 00:19:52,07/08/2025 02:26:40,Saiu da cerca (Consolidado),2.11
FILIAL 16622,SYD5G60,Terminal (Consolidado),Terminal,07/08/2025 00:46:07,07/08/2025 02:05:25,Saiu da cerca,1.32
FILIAL 16622,SYD5G60,TRAJETO PA X APARECIDA 2,Não Mapeado,07/08/2025 02:26:40,07/08/2025 03:16:12,Saiu da cerca,49m
FILIAL 16622,SYD5G60,SELVIRIA,Parada Operacional,07/08/2025 02:51:11,07/08/2025 02:53:28,Saiu da cerca,2m
FILIAL 16622,SYD5G60,TRAJETO PA X APARECIDA 1,Não Mapeado,07/08/2025 03:16:12,07/08/2025 03:49:23,Saiu da cerca,33m
FILIAL 16622,SYD5G60,MONTANINI,Parada Operacional,07/08/2025 03:44:46,07/08/2025 03:45:22,Saiu da cerca,0m
FILIAL 16622,SYD5G60,TRAJETO PA,Não Mapeado,07/08/2025 03:49:23,07/08/2025 03:49:49,Saiu da cerca,0m
FILIAL 16622,SYD5G60,PA Celulose,Ponto Apoio,07/08/2025 03:49:49,07/08/2025 04:33:53,Saiu da cerca,44m
FILIAL 16622,SYD5G60,TRAJETO PA,Não Mapeado,07/08/2025 04:33:53,07/08/2025 04:35:44,Saiu da cerca,1m
FILIAL 16622,SYD5G60,TRAJETO PA X APARECIDA 1,Não Mapeado,07/08/2025 04:35:44,07/08/2025 04:37:34,Saiu da cerca,1m
FILIAL 16622,SYD5G60,TRAJETO FABRICA X PA,Não Mapeado,07/08/2025 04:37:34,07/08/2025 05:22:39,Saiu da cerca,45m
FILIAL 16622,SYD5G60,AREA EXTERNA SUZANO,Parada Operacional,07/08/2025 05:24:46,07/08/2025 05:29:26,Saiu da cerca,4m
RIBAS,SYD5G61,Agua Clara,Parada Operacional,06/08/2025 14:41:41,06/08/2025 21:30:52,Saiu da cerca,6h 49m
RIBAS,SYD5G61,PA AGUA CLARA,Ponto Apoio,06/08/2025 14:47:45,06/08/2025 21:20:48,Saiu da cerca,6h 33m
RIBAS,SYD5G61,Descarga Inocencia,Não Mapeado,06/08/2025 23:36:50,07/08/2025 00:19:19,Saiu da cerca,42m
RIBAS,SYD5G61,Terminal (Consolidado),Terminal,06/08/2025 23:40:52,07/08/2025 00:17:18,Saiu da cerca,0.61
RIBAS,SYD5G61,Descarga (Consolidado),Descarga,06/08/2025 23:40:52,07/08/2025 00:03:08,Saiu da cerca,0.37
RIBAS,SYD5G61,Patio Carregado INO,Parada Operacional,06/08/2025 23:40:52,06/08/2025 23:51:46,Saiu da cerca,10m
RIBAS,SYD5G61,Descarga INO,Não Mapeado,06/08/2025 23:51:46,07/08/2025 00:06:34,Saiu da cerca (Consolidado),0.25
RIBAS,SYD5G61,Patio Vazio INO,Parada Operacional,07/08/2025 00:05:10,07/08/2025 00:17:18,Saiu da cerca,12m
RIBAS,SYD5G61,Agua Clara,Parada Operacional,07/08/2025 03:00:12,07/08/2025 04:16:43,Saiu da cerca,1h 16m
RIBAS,SYD5G61,PA AGUA CLARA,Ponto Apoio,07/08/2025 03:06:17,07/08/2025 04:16:43,Saiu da cerca (Consolidado),1.17
RIBAS,SYD5G61,Abastecimento Frotas RRP,Parada Operacional,07/08/2025 05:30:21,07/08/2025 05:42:52,Saiu da cerca,12m
RIBAS,SYD5G61,Pro LOG,Não Mapeado,07/08/2025 05:31:36,07/08/2025 05:42:52,Saiu da cerca,11m
RIBAS,SYD5G61,Fábrica (Consolidado),Fábrica,07/08/2025 05:54:42,07/08/2025 07:15:34,Saiu da cerca,1.35
RIBAS,SYD5G61,Carregamento (Consolidado),Carregamento,07/08/2025 05:54:42,07/08/2025 06:44:16,Saiu da cerca,0.83
RIBAS,SYD5G61,Enlonamento RRP,Parada Operacional,07/08/2025 06:52:47,07/08/2025 06:54:47,Saiu da cerca,2m
RIBAS,SYD5G61,Buffer frotas ,Parada Operacional,07/08/2025 07:17:05,07/08/2025 07:28:56,Saiu da cerca,11m
RIBAS,SYD5G62,Descarga Inocencia,Não Mapeado,06/08/2025 19:57:02,06/08/2025 21:02:09,Saiu da cerca,1h 5m
RIBAS,SYD5G62,Terminal (Consolidado),Terminal,06/08/2025 20:23:34,06/08/2025 20:54:56,Saiu da cerca,0.52
RIBAS,SYD5G62,Descarga (Consolidado),Descarga,06/08/2025 20:23:34,06/08/2025 20:44:54,Saiu da cerca,0.36
RIBAS,SYD5G62,Descarga INO,Não Mapeado,06/08/2025 20:23:34,06/08/2025 20:44:54,Saiu da cerca,21m
RIBAS,SYD5G62,Patio Carregado INO,Parada Operacional,06/08/2025 20:44:54,06/08/2025 20:54:56,Saiu da cerca,10m
RIBAS,SYD5G62,Agua Clara,Parada Operacional,06/08/2025 22:54:14,06/08/2025 23:03:16,Saiu da cerca,9m
RIBAS,SYD5G62,Abastecimento Frotas RRP,Parada Operacional,07/08/2025 00:28:31,07/08/2025 00:38:03,Saiu da cerca,9m
RIBAS,SYD5G62,Pro LOG,Não Mapeado,07/08/2025 00:28:31,07/08/2025 00:38:03,Saiu da cerca,9m
RIBAS,SYD5G62,Buffer frotas ,Parada Operacional,07/08/2025 06:31:55,07/08/2025 07:21:41,Saiu da cerca,49m
RIBAS,SYD5G63,Abastecimento Frotas RRP,Parada Operacional,06/08/2025 20:07:39,06/08/2025 20:16:55,Saiu da cerca,9m
RIBAS,SYD5G63,Pro LOG,Não Mapeado,06/08/2025 20:07:39,06/08/2025 20:16:55,Saiu da cerca,9m
RIBAS,SYD5G63,Buffer frotas ,Parada Operacional,06/08/2025 20:16:55,06/08/2025 22:32:51,Saiu da cerca,2h 15m
RIBAS,SYD5G63,Fábrica (Consolidado),Fábrica,06/08/2025 22:34:52,07/08/2025 00:17:53,Saiu da cerca,1.72
RIBAS,SYD5G63,Carregamento (Consolidado),Carregamento,06/08/2025 22:34:52,06/08/2025 23:42:08,Saiu da cerca,1.12
RIBAS,SYD5G63,Enlonamento RRP,Parada Operacional,06/08/2025 23:42:08,06/08/2025 23:43:48,Saiu da cerca,1m
RIBAS,SYD5G63,Buffer frotas ,Parada Operacional,07/08/2025 00:29:09,07/08/2025 00:31:29,Saiu da cerca,2m
RIBAS,SYD5G63,PA AGUA CLARA,Ponto Apoio,07/08/2025 05:33:38,07/08/2025 07:26:49,Saiu da cerca (Consolidado),1.89
RIBAS,SYD5G64,Carregamento Fabrica RRP,Fábrica,06/08/2025 19:39:07,06/08/2025 19:49:40,Saiu da cerca,10m
RIBAS,SYD5G64,Buffer frotas ,Parada Operacional,06/08/2025 19:49:40,06/08/2025 20:17:36,Saiu da cerca,27m
RIBAS,SYD5G64,Agua Clara,Parada Operacional,06/08/2025 21:48:13,07/08/2025 02:37:04,Saiu da cerca,4h 48m
RIBAS,SYD5G64,PA AGUA CLARA,Ponto Apoio,06/08/2025 21:52:16,07/08/2025 02:29:01,Saiu da cerca,4h 36m
RIBAS,SYD5G64,Descarga Inocencia,Não Mapeado,07/08/2025 04:45:18,07/08/2025 05:21:29,Saiu da cerca,36m
RIBAS,SYD5G64,Terminal (Consolidado),Terminal,07/08/2025 04:52:18,07/08/2025 05:21:29,Saiu da cerca,0.49
RIBAS,SYD5G64,Descarga (Consolidado),Descarga,07/08/2025 04:52:18,07/08/2025 05:21:29,Saiu da cerca,0.49
RIBAS,SYD5G64,Patio Carregado INO,Parada Operacional,07/08/2025 04:52:18,07/08/2025 04:58:05,Saiu da cerca,5m
RIBAS,SYD5G64,Descarga INO,Não Mapeado,07/08/2025 04:58:05,07/08/2025 05:18:11,Saiu da cerca,20m
RIBAS,SYD5G64,Patio Vazio INO,Parada Operacional,07/08/2025 04:58:05,07/08/2025 05:03:22,Saiu da cerca,5m
RIBAS,SYD5G64,Descarga Inocencia,Não Mapeado,07/08/2025 05:27:00,07/08/2025 05:34:39,Saiu da cerca,7m
RIBAS,SYD5G64,Agua Clara,Parada Operacional,07/08/2025 07:24:02,07/08/2025 07:30:18,Saiu da cerca,6m
RIBAS,SYD5G65,Descarga Inocencia,Não Mapeado,06/08/2025 20:51:13,06/08/2025 21:30:11,Saiu da cerca,38m
RIBAS,SYD5G65,Terminal (Consolidado),Terminal,06/08/2025 20:52:06,06/08/2025 21:27:39,Saiu da cerca,0.59
RIBAS,SYD5G65,Descarga (Consolidado),Descarga,06/08/2025 20:52:06,06/08/2025 21:18:19,Saiu da cerca,0.44
RIBAS,SYD5G65,Patio Carregado INO,Parada Operacional,06/08/2025 20:52:06,06/08/2025 21:01:09,Saiu da cerca,9m
RIBAS,SYD5G65,Descarga INO,Não Mapeado,06/08/2025 21:01:09,06/08/2025 21:18:19,Saiu da cerca (Consolidado),0.29
RIBAS,SYD5G65,Patio Carregado INO,Parada Operacional,06/08/2025 21:18:19,06/08/2025 21:27:39,Saiu da cerca,9m
RIBAS,SYD5G65,Agua Clara,Parada Operacional,06/08/2025 23:21:33,07/08/2025 00:30:16,Saiu da cerca,1h 8m
RIBAS,SYD5G65,PA AGUA CLARA,Ponto Apoio,06/08/2025 23:29:36,07/08/2025 00:30:16,Saiu da cerca,1h 0m
RIBAS,SYD5G65,Posto Mutum,Parada Operacional,07/08/2025 00:57:17,07/08/2025 01:00:50,Saiu da cerca,3m
RIBAS,SYD5G65,Abastecimento Frotas RRP,Parada Operacional,07/08/2025 01:44:06,07/08/2025 01:45:18,Saiu da cerca,1m
RIBAS,SYD5G65,Pro LOG,Não Mapeado,07/08/2025 01:44:06,07/08/2025 01:45:18,Saiu da cerca,1m
RIBAS,SYD5G65,Abastecimento Frotas RRP,Parada Operacional,07/08/2025 01:53:54,07/08/2025 01:55:33,Saiu da cerca,1m
RIBAS,SYD5G65,Pro LOG,Não Mapeado,07/08/2025 01:53:54,07/08/2025 01:55:33,Saiu da cerca,1m
RIBAS,SYD5G65,Buffer frotas ,Parada Operacional,07/08/2025 01:57:42,07/08/2025 05:36:46,Saiu da cerca (Consolidado),3.65
RIBAS,SYD5G65,Fábrica (Consolidado),Fábrica,07/08/2025 05:38:46,07/08/2025 06:49:27,Saiu da cerca,1.18
RIBAS,SYD5G65,Carregamento (Consolidado),Carregamento,07/08/2025 05:38:46,07/08/2025 06:37:45,Saiu da cerca,0.98
RIBAS,SYD5G65,Enlonamento RRP,Parada Operacional,07/08/2025 05:38:46,07/08/2025 06:16:11,Saiu da cerca (Consolidado),0.62
RIBAS,SYD5G65,Buffer frotas ,Parada Operacional,07/08/2025 07:04:32,07/08/2025 07:35:07,Saiu da cerca,30m
RIBAS,SYD5G67,Fábrica (Consolidado),Fábrica,06/08/2025 21:28:25,06/08/2025 23:03:41,Saiu da cerca,1.59
RIBAS,SYD5G67,Carregamento (Consolidado),Carregamento,06/08/2025 21:28:25,06/08/2025 22:48:34,Saiu da cerca,1.34
RIBAS,SYD5G67,Enlonamento RRP,Parada Operacional,06/08/2025 22:48:34,06/08/2025 22:50:35,Saiu da cerca,2m
RIBAS,SYD5G67,Buffer frotas ,Parada Operacional,06/08/2025 23:04:56,06/08/2025 23:05:50,Saiu da cerca,0m
RIBAS,SYD5G67,Agua Clara,Parada Operacional,07/08/2025 01:28:52,07/08/2025 04:18:56,Saiu da cerca,2h 50m
RIBAS,SYD5G67,PA AGUA CLARA,Ponto Apoio,07/08/2025 01:28:52,07/08/2025 04:12:55,Saiu da cerca,2h 44m
RIBAS,SYD5G67,Descarga Inocencia,Não Mapeado,07/08/2025 06:26:18,,Entrou na cerca,
RIBAS,SYD5G67,Terminal Inocencia,Terminal,07/08/2025 06:30:03,,Entrou na cerca,
RIBAS,SYE4C10,Agua Clara,Parada Operacional,06/08/2025 19:33:51,06/08/2025 19:43:57,Saiu da cerca,10m
RIBAS,SYE4C10,Abastecimento Frotas RRP,Parada Operacional,06/08/2025 20:57:27,06/08/2025 21:13:42,Saiu da cerca,16m
RIBAS,SYE4C10,Pro LOG,Não Mapeado,06/08/2025 21:00:23,06/08/2025 21:13:42,Saiu da cerca,13m
RIBAS,SYE4C10,Fábrica (Consolidado),Fábrica,06/08/2025 23:19:43,07/08/2025 02:02:23,Saiu da cerca,2.71
RIBAS,SYE4C10,Carregamento (Consolidado),Carregamento,06/08/2025 23:19:43,07/08/2025 01:39:46,Saiu da cerca,2.33
RIBAS,SYE4C10,Enlonamento RRP,Parada Operacional,06/08/2025 23:19:43,07/08/2025 02:02:23,Saiu da cerca (Consolidado),2.71
RIBAS,SYE4C10,Agua Clara,Parada Operacional,07/08/2025 04:39:59,07/08/2025 04:53:03,Saiu da cerca,13m
RIBAS,SYE4C10,Descarga Inocencia,Não Mapeado,07/08/2025 07:22:41,,Entrou na cerca,
RIBAS,SYE4C10,Terminal Inocencia,Terminal,07/08/2025 07:23:53,,Entrou na cerca,
RIBAS,SYE4C10,Patio Carregado INO,Parada Operacional,07/08/2025 07:23:53,,Entrou na cerca,
RIBAS,SYE7D10,Agua Clara,Parada Operacional,06/08/2025 19:23:49,06/08/2025 19:59:35,Saiu da cerca,35m
RIBAS,SYE7D10,Descarga Inocencia,Não Mapeado,06/08/2025 21:58:36,07/08/2025 03:12:55,Saiu da cerca,5h 14m
RIBAS,SYE7D10,Terminal (Consolidado),Terminal,06/08/2025 22:15:33,07/08/2025 03:12:55,Saiu da cerca,4.96
RIBAS,SYE7D10,Descarga (Consolidado),Descarga,06/08/2025 22:15:33,06/08/2025 22:30:19,Saiu da cerca,0.25
RIBAS,SYE7D10,Descarga INO,Não Mapeado,06/08/2025 22:15:33,06/08/2025 22:30:19,Saiu da cerca,14m
RIBAS,SYE7D10,Patio Carregado INO,Parada Operacional,06/08/2025 22:30:19,07/08/2025 03:12:55,Saiu da cerca,4h 42m
RIBAS,SYE7D10,Agua Clara,Parada Operacional,07/08/2025 04:56:11,07/08/2025 05:03:14,Saiu da cerca,7m
RIBAS,SYE7D10,Abastecimento Frotas RRP,Parada Operacional,07/08/2025 06:13:19,07/08/2025 06:23:05,Saiu da cerca,9m
RIBAS,SYE7D10,Pro LOG,Não Mapeado,07/08/2025 06:13:19,07/08/2025 06:23:05,Saiu da cerca,9m
RIBAS,SYE7D10,Carregamento (Consolidado),Carregamento,07/08/2025 07:01:28,07/08/2025 07:21:07,Saiu da cerca,0.33
RIBAS,SYE7D11,Agua Clara,Parada Operacional,06/08/2025 21:30:29,06/08/2025 21:44:04,Saiu da cerca,13m
RIBAS,SYE7D11,Oficina JSL,Manutenção,06/08/2025 22:54:38,07/08/2025 02:19:10,Saiu da cerca,3h 24m
RIBAS,SYE7D11,Abastecimento Frotas RRP,Parada Operacional,07/08/2025 02:25:21,07/08/2025 02:39:50,Saiu da cerca,14m
RIBAS,SYE7D11,Pro LOG,Não Mapeado,07/08/2025 02:25:21,07/08/2025 02:39:50,Saiu da cerca,14m
RIBAS,SYE7D12,Oficina JSL,Manutenção,06/08/2025 07:17:01,06/08/2025 20:24:08,Saiu da cerca,13h 7m
RIBAS,SYE7D12,Abastecimento Frotas RRP,Parada Operacional,06/08/2025 20:29:33,06/08/2025 20:39:29,Saiu da cerca,9m
RIBAS,SYE7D12,Pro LOG,Não Mapeado,06/08/2025 20:29:33,06/08/2025 20:39:29,Saiu da cerca,9m
RIBAS,SYE7D12,Buffer frotas ,Parada Operacional,06/08/2025 20:39:29,06/08/2025 21:24:46,Saiu da cerca (Consolidado),0.75
RIBAS,SYE7D12,Fábrica (Consolidado),Fábrica,06/08/2025 21:28:48,06/08/2025 22:43:08,Saiu da cerca,1.24
RIBAS,SYE7D12,Carregamento (Consolidado),Carregamento,06/08/2025 21:28:48,06/08/2025 22:04:49,Saiu da cerca,0.6
RIBAS,SYE7D12,Enlonamento RRP,Parada Operacional,06/08/2025 22:06:49,06/08/2025 22:41:05,Saiu da cerca,34m
RIBAS,SYE7D12,Buffer frotas ,Parada Operacional,06/08/2025 22:44:20,07/08/2025 01:06:33,Saiu da cerca,2h 22m
RIBAS,SYE7D12,Agua Clara,Parada Operacional,07/08/2025 02:26:28,07/08/2025 04:12:33,Saiu da cerca,1h 46m
RIBAS,SYE7D12,PA AGUA CLARA,Ponto Apoio,07/08/2025 02:32:31,07/08/2025 04:06:30,Saiu da cerca,1h 33m
RIBAS,SYE7D12,Terminal Inocencia,Terminal,07/08/2025 06:21:34,,Entrou na cerca,
RIBAS,SYE7D12,Descarga Inocencia,Não Mapeado,07/08/2025 06:21:34,,Entrou na cerca,
RIBAS,SYE7D13,Agua Clara,Parada Operacional,06/08/2025 19:32:50,06/08/2025 19:44:38,Saiu da cerca,11m
RIBAS,SYE7D13,Abastecimento Frotas RRP,Parada Operacional,06/08/2025 20:52:09,06/08/2025 21:08:01,Saiu da cerca,15m
RIBAS,SYE7D13,Pro LOG,Não Mapeado,06/08/2025 20:57:43,06/08/2025 21:08:01,Saiu da cerca,10m
RIBAS,SYE7D13,Fábrica (Consolidado),Fábrica,06/08/2025 23:20:09,07/08/2025 02:14:27,Saiu da cerca,2.9
RIBAS,SYE7D13,Carregamento (Consolidado),Carregamento,06/08/2025 23:20:09,07/08/2025 01:54:57,Saiu da cerca,2.58
RIBAS,SYE7D13,Enlonamento RRP,Parada Operacional,06/08/2025 23:20:09,07/08/2025 02:14:27,Saiu da cerca (Consolidado),2.9
RIBAS,SYE7D13,Agua Clara,Parada Operacional,07/08/2025 03:42:53,07/08/2025 04:35:24,Saiu da cerca,52m
RIBAS,SYE7D13,PA AGUA CLARA,Ponto Apoio,07/08/2025 03:46:33,07/08/2025 04:27:21,Saiu da cerca,40m
RIBAS,SYE7D13,Descarga Inocencia,Não Mapeado,07/08/2025 06:50:44,,Entrou na cerca,
RIBAS,SYE7D13,Terminal Inocencia,Terminal,07/08/2025 06:55:07,,Entrou na cerca,
RIBAS,SYE7D13,Patio Carregado INO,Parada Operacional,07/08/2025 06:55:07,,Entrou na cerca,
RIBAS,SYE7D14,Buffer frotas ,Parada Operacional,06/08/2025 18:12:55,06/08/2025 21:23:09,Saiu da cerca,3h 10m
RIBAS,SYE7D14,Fábrica (Consolidado),Fábrica,06/08/2025 21:25:09,06/08/2025 22:11:39,Saiu da cerca,0.78
RIBAS,SYE7D14,Carregamento (Consolidado),Carregamento,06/08/2025 21:25:09,06/08/2025 21:51:47,Saiu da cerca,0.44
RIBAS,SYE7D14,Enlonamento RRP,Parada Operacional,06/08/2025 21:51:47,06/08/2025 22:11:39,Saiu da cerca,19m
RIBAS,SYE7D14,Buffer frotas ,Parada Operacional,06/08/2025 22:13:24,06/08/2025 22:37:54,Saiu da cerca,24m
RIBAS,SYE7D14,Agua Clara,Parada Operacional,07/08/2025 00:00:43,07/08/2025 05:32:02,Saiu da cerca,5h 31m
RIBAS,SYE7D14,PA AGUA CLARA,Ponto Apoio,07/08/2025 00:04:45,07/08/2025 05:23:59,Saiu da cerca,5h 19m
RIBAS,SYE7D16,Oficina JSL,Manutenção,06/08/2025 12:10:29,06/08/2025 23:10:06,Saiu da cerca,10h 59m
RIBAS,SYE7D16,Abastecimento Frotas RRP,Parada Operacional,06/08/2025 23:20:09,06/08/2025 23:29:27,Saiu da cerca,9m
RIBAS,SYE7D16,Pro LOG,Não Mapeado,06/08/2025 23:20:09,06/08/2025 23:29:27,Saiu da cerca,9m
RIBAS,SYE7D16,Buffer frotas ,Parada Operacional,06/08/2025 23:29:27,07/08/2025 04:18:36,Saiu da cerca,4h 49m
RIBAS,SYE7D16,Fábrica (Consolidado),Fábrica,07/08/2025 04:20:36,07/08/2025 05:33:26,Saiu da cerca,1.21
RIBAS,SYE7D16,Carregamento (Consolidado),Carregamento,07/08/2025 04:20:36,07/08/2025 04:59:29,Saiu da cerca,0.65
RIBAS,SYE7D16,Enlonamento RRP,Parada Operacional,07/08/2025 04:46:27,07/08/2025 05:33:26,Saiu da cerca (Consolidado),0.78
RIBAS,SYE7D16,Buffer frotas ,Parada Operacional,07/08/2025 05:34:38,07/08/2025 05:48:45,Saiu da cerca,14m
RIBAS,SYL4A18,Buffer frotas ,Parada Operacional,06/08/2025 19:27:45,07/08/2025 02:02:02,Saiu da cerca,6h 34m
RIBAS,SYL4A18,Fábrica (Consolidado),Fábrica,07/08/2025 02:04:02,07/08/2025 03:18:33,Saiu da cerca,1.24
RIBAS,SYL4A18,Carregamento (Consolidado),Carregamento,07/08/2025 02:04:02,07/08/2025 02:48:16,Saiu da cerca,0.74
RIBAS,SYL4A18,Enlonamento RRP,Parada Operacional,07/08/2025 03:02:05,07/08/2025 03:06:40,Saiu da cerca,4m
RIBAS,SYL4A18,Buffer frotas ,Parada Operacional,07/08/2025 03:30:55,07/08/2025 03:48:12,Saiu da cerca,17m
RIBAS,SYL4A18,Agua Clara,Parada Operacional,07/08/2025 06:17:17,07/08/2025 07:06:20,Saiu da cerca,49m
RIBAS,SYL4A18,PA AGUA CLARA,Ponto Apoio,07/08/2025 06:21:19,07/08/2025 06:58:15,Saiu da cerca,36m
RIBAS,SYL4A20,Agua Clara,Parada Operacional,06/08/2025 20:56:45,06/08/2025 21:32:06,Saiu da cerca,35m
RIBAS,SYL4A20,PA AGUA CLARA,Ponto Apoio,06/08/2025 20:56:45,06/08/2025 21:24:46,Saiu da cerca,28m
RIBAS,SYL4A20,Descarga Inocencia,Não Mapeado,06/08/2025 23:41:11,07/08/2025 00:21:20,Saiu da cerca,40m
RIBAS,SYL4A20,Terminal (Consolidado),Terminal,06/08/2025 23:44:40,07/08/2025 00:19:20,Saiu da cerca,0.58
RIBAS,SYL4A20,Descarga (Consolidado),Descarga,06/08/2025 23:44:40,07/08/2025 00:11:15,Saiu da cerca,0.44
RIBAS,SYL4A20,Patio Carregado INO,Parada Operacional,06/08/2025 23:44:40,06/08/2025 23:53:47,Saiu da cerca,9m
RIBAS,SYL4A20,Descarga INO,Não Mapeado,06/08/2025 23:53:47,07/08/2025 00:11:15,Saiu da cerca,17m
RIBAS,SYL4A20,Patio Vazio INO,Parada Operacional,06/08/2025 23:53:47,07/08/2025 00:01:52,Saiu da cerca,8m
RIBAS,SYL4A20,Patio Carregado INO,Parada Operacional,07/08/2025 00:11:15,07/08/2025 00:19:20,Saiu da cerca,8m
RIBAS,SYL4A20,Agua Clara,Parada Operacional,07/08/2025 06:52:29,,Entrou na cerca,
RIBAS,SYL4A20,PA AGUA CLARA,Ponto Apoio,07/08/2025 07:02:15,07/08/2025 07:14:47,Saiu da cerca,12m
RIBAS,SYL5J46,Terminal (Consolidado),Terminal,06/08/2025 21:11:14,06/08/2025 22:18:23,Saiu da cerca,1.12
RIBAS,SYL5J46,Descarga (Consolidado),Descarga,06/08/2025 21:11:14,06/08/2025 21:40:45,Saiu da cerca,0.49
RIBAS,SYL5J46,Patio Carregado INO,Parada Operacional,06/08/2025 21:11:14,06/08/2025 21:25:05,Saiu da cerca,13m
RIBAS,SYL5J46,Descarga Inocencia,Não Mapeado,06/08/2025 21:11:14,06/08/2025 22:55:39,Saiu da cerca,1h 44m
RIBAS,SYL5J46,Descarga INO,Não Mapeado,06/08/2025 21:25:05,06/08/2025 21:37:21,Saiu da cerca,12m
RIBAS,SYL5J46,Patio Vazio INO,Parada Operacional,06/08/2025 21:40:45,06/08/2025 21:52:27,Saiu da cerca,11m
RIBAS,SYL5J46,Patio Carregado INO,Parada Operacional,06/08/2025 21:52:27,06/08/2025 22:18:23,Saiu da cerca,25m
RIBAS,SYL5J46,Agua Clara,Parada Operacional,07/08/2025 00:26:46,07/08/2025 00:35:04,Saiu da cerca,8m
RIBAS,SYL5J46,Abastecimento Frotas RRP,Parada Operacional,07/08/2025 01:45:18,07/08/2025 01:56:14,Saiu da cerca,10m
RIBAS,SYL5J46,Pro LOG,Não Mapeado,07/08/2025 01:45:18,07/08/2025 01:56:14,Saiu da cerca,10m
RIBAS,SYL5J46,Buffer frotas ,Parada Operacional,07/08/2025 01:56:14,07/08/2025 05:49:31,Saiu da cerca (Consolidado),3.89
RIBAS,SYL5J46,Fábrica (Consolidado),Fábrica,07/08/2025 04:21:26,07/08/2025 05:31:52,Saiu da cerca,1.17
RIBAS,SYL5J46,Carregamento (Consolidado),Carregamento,07/08/2025 04:21:26,07/08/2025 05:09:27,Saiu da cerca,0.8
RIBAS,SYL5J47,Oficina JSL,Manutenção,06/08/2025 19:31:54,06/08/2025 20:54:04,Saiu da cerca (Consolidado),1.37
RIBAS,SYL5J47,Abastecimento Frotas RRP,Parada Operacional,06/08/2025 21:02:07,06/08/2025 21:15:13,Saiu da cerca,13m
RIBAS,SYL5J47,Pro LOG,Não Mapeado,06/08/2025 21:02:07,06/08/2025 21:15:13,Saiu da cerca,13m
RIBAS,SYL5J47,Fábrica (Consolidado),Fábrica,07/08/2025 03:24:25,07/08/2025 04:52:47,Saiu da cerca,1.47
RIBAS,SYL5J47,Carregamento (Consolidado),Carregamento,07/08/2025 03:24:25,07/08/2025 04:18:41,Saiu da cerca,0.9
RIBAS,SYL5J47,Enlonamento RRP,Parada Operacional,07/08/2025 03:24:25,07/08/2025 04:52:47,Saiu da cerca (Consolidado),1.47
RIBAS,SYL5J47,Buffer frotas ,Parada Operacional,07/08/2025 04:54:20,07/08/2025 05:09:35,Saiu da cerca,15m
RIBAS,SYL5J47,Posto Mutum,Parada Operacional,07/08/2025 06:07:06,07/08/2025 06:11:48,Saiu da cerca,4m
RIBAS,SYL5J47,Agua Clara,Parada Operacional,07/08/2025 06:38:23,,Entrou na cerca,
RIBAS,SYL5J47,PA AGUA CLARA,Ponto Apoio,07/08/2025 06:43:27,,Entrou na cerca,
FILIAL 16622,SYR4E33,TRAJETO FABRICA X PA,Não Mapeado,06/08/2025 15:38:26,06/08/2025 16:29:45,Saiu da cerca,51m
FILIAL 16622,SYR4E33,TRAJETO PA,Não Mapeado,06/08/2025 16:29:45,06/08/2025 16:30:13,Saiu da cerca,0m
FILIAL 16622,SYR4E33,PA Celulose,Ponto Apoio,06/08/2025 16:30:13,06/08/2025 16:50:46,Saiu da cerca,20m
FILIAL 16622,SYR4E33,TRAJETO PA,Não Mapeado,06/08/2025 16:50:46,06/08/2025 16:52:21,Saiu da cerca,1m
FILIAL 16622,SYR4E33,TRAJETO PA X APARECIDA 1,Não Mapeado,06/08/2025 16:52:21,06/08/2025 17:24:59,Saiu da cerca,32m
FILIAL 16622,SYR4E33,MONTANINI,Parada Operacional,06/08/2025 16:55:06,06/08/2025 16:55:41,Saiu da cerca,0m
FILIAL 16622,SYR4E33,TRAJETO PA X APARECIDA 1,Não Mapeado,06/08/2025 17:26:31,06/08/2025 17:31:25,Saiu da cerca,4m
FILIAL 16622,SYR4E33,TRAJETO PA X APARECIDA 2,Não Mapeado,06/08/2025 17:31:25,06/08/2025 18:25:11,Saiu da cerca,53m
FILIAL 16622,SYR4E33,SELVIRIA,Parada Operacional,06/08/2025 17:50:14,06/08/2025 17:54:56,Saiu da cerca,4m
FILIAL 16622,SYR4E33,TRAJETO PA X APARECIDA 3,Não Mapeado,06/08/2025 18:25:11,06/08/2025 20:14:17,Saiu da cerca (Consolidado),1.82
FILIAL 16622,SYR4E33,Terminal (Consolidado),Terminal,06/08/2025 18:49:31,07/08/2025 04:38:30,Saiu da cerca,9.82
FILIAL 16622,SYR4E33,TRAJETO PA X APARECIDA 2,Não Mapeado,06/08/2025 20:14:17,06/08/2025 21:03:26,Saiu da cerca,49m
FILIAL 16622,SYR4E33,SELVIRIA,Parada Operacional,06/08/2025 20:38:54,06/08/2025 20:41:16,Saiu da cerca,2m
FILIAL 16622,SYR4E33,TRAJETO PA X APARECIDA 1,Não Mapeado,06/08/2025 21:03:26,06/08/2025 21:41:20,Saiu da cerca,37m
FILIAL 16622,SYR4E33,MONTANINI,Parada Operacional,06/08/2025 21:32:53,06/08/2025 21:33:27,Saiu da cerca,0m
FILIAL 16622,SYR4E33,TRAJETO FABRICA X PA,Não Mapeado,06/08/2025 21:41:20,06/08/2025 22:23:34,Saiu da cerca,42m
FILIAL 16622,SYR4E33,AREA EXTERNA SUZANO,Parada Operacional,06/08/2025 22:25:22,06/08/2025 23:58:56,Saiu da cerca (Consolidado),1.56
FILIAL 16622,SYR4E33,Carregamento Fabrica,Fábrica,06/08/2025 22:29:31,06/08/2025 23:58:03,Saiu da cerca,1h 28m
FILIAL 16622,SYR4E33,TRAJETO FABRICA X PA,Não Mapeado,07/08/2025 00:01:55,07/08/2025 00:44:53,Saiu da cerca,42m
FILIAL 16622,SYR4E33,TRAJETO PA X APARECIDA 1,Não Mapeado,07/08/2025 00:44:53,07/08/2025 01:17:51,Saiu da cerca,32m
FILIAL 16622,SYR4E33,MONTANINI,Parada Operacional,07/08/2025 00:47:05,07/08/2025 00:47:40,Saiu da cerca,0m
FILIAL 16622,SYR4E33,TRAJETO PA X APARECIDA 2,Não Mapeado,07/08/2025 01:21:08,07/08/2025 02:19:46,Saiu da cerca,58m
FILIAL 16622,SYR4E33,SELVIRIA,Parada Operacional,07/08/2025 01:42:31,07/08/2025 01:47:45,Saiu da cerca,5m
FILIAL 16622,SYR4E33,TRAJETO PA X APARECIDA 3,Não Mapeado,07/08/2025 02:19:46,07/08/2025 05:00:06,Saiu da cerca (Consolidado),2.67
FILIAL 16622,SYR4E33,TRAJETO PA X APARECIDA 2,Não Mapeado,07/08/2025 05:00:06,07/08/2025 05:50:10,Saiu da cerca,50m
FILIAL 16622,SYR4E33,SELVIRIA,Parada Operacional,07/08/2025 05:24:44,07/08/2025 05:27:06,Saiu da cerca,2m
FILIAL 16622,SYR4E37,TRAJETO PA X APARECIDA 2,Não Mapeado,06/08/2025 19:28:08,06/08/2025 20:16:54,Saiu da cerca,48m
FILIAL 16622,SYR4E37,SELVIRIA,Parada Operacional,06/08/2025 19:52:31,06/08/2025 19:57:25,Saiu da cerca,4m
FILIAL 16622,SYR4E37,TRAJETO PA X APARECIDA 1,Não Mapeado,06/08/2025 20:16:54,06/08/2025 20:56:01,Saiu da cerca,39m
FILIAL 16622,SYR4E37,TRAJETO FABRICA X PA,Não Mapeado,06/08/2025 20:56:01,06/08/2025 23:42:26,Saiu da cerca (Consolidado),2.77
FILIAL 16622,SYR4E37,Fábrica (Consolidado),Fábrica,06/08/2025 21:42:21,07/08/2025 07:27:50,Saiu da cerca,9.76
FILIAL 16622,SYR4E37,TRAJETO PA X APARECIDA 1,Não Mapeado,06/08/2025 23:42:26,07/08/2025 00:16:36,Saiu da cerca,34m
FILIAL 16622,SYR4E37,TRAJETO PA X APARECIDA 2,Não Mapeado,07/08/2025 00:21:31,07/08/2025 01:12:43,Saiu da cerca,51m
FILIAL 16622,SYR4E37,TRAJETO PA X APARECIDA 3,Não Mapeado,07/08/2025 01:12:43,07/08/2025 03:47:15,Saiu da cerca (Consolidado),2.58
FILIAL 16622,SYR4E37,Terminal (Consolidado),Terminal,07/08/2025 01:41:43,07/08/2025 03:22:01,Saiu da cerca,1.67
FILIAL 16622,SYR4E37,TRAJETO PA X APARECIDA 2,Não Mapeado,07/08/2025 03:47:15,07/08/2025 04:35:59,Saiu da cerca,48m
FILIAL 16622,SYR4E37,SELVIRIA,Parada Operacional,07/08/2025 04:11:39,07/08/2025 04:16:33,Saiu da cerca,4m
FILIAL 16622,SYR4E37,TRAJETO PA X APARECIDA 1,Não Mapeado,07/08/2025 04:35:59,07/08/2025 05:12:43,Saiu da cerca,36m
FILIAL 16622,SYR4E37,PA Celulose,Ponto Apoio,07/08/2025 05:12:43,07/08/2025 05:18:21,Saiu da cerca,5m
FILIAL 16622,SYR4E37,TRAJETO PA,Não Mapeado,07/08/2025 05:18:03,07/08/2025 05:20:13,Saiu da cerca,2m
FILIAL 16622,SYR4E37,TRAJETO PA X APARECIDA 1,Não Mapeado,07/08/2025 05:20:13,07/08/2025 05:25:07,Saiu da cerca,4m
FILIAL 16622,SYR4E37,TRAJETO FABRICA X PA,Não Mapeado,07/08/2025 05:25:07,07/08/2025 06:04:13,Saiu da cerca,39m
FILIAL 16622,TJM9E93,TRAJETO FABRICA X PA,Não Mapeado,06/08/2025 17:21:00,06/08/2025 18:04:55,Saiu da cerca,43m
FILIAL 16622,TJM9E93,AREA EXTERNA SUZANO,Parada Operacional,06/08/2025 19:03:11,06/08/2025 19:07:01,Saiu da cerca,3m
FILIAL 16622,TJM9E93,Fábrica (Consolidado),Fábrica,06/08/2025 19:07:01,06/08/2025 20:46:13,Saiu da cerca,1.65
FILIAL 16622,TJM9E93,TRAJETO FABRICA X PA,Não Mapeado,06/08/2025 20:52:00,06/08/2025 21:40:04,Saiu da cerca,48m
FILIAL 16622,TJM9E93,TRAJETO PA X APARECIDA 1,Não Mapeado,06/08/2025 21:40:04,06/08/2025 22:14:45,Saiu da cerca,34m
FILIAL 16622,TJM9E93,MONTANINI,Parada Operacional,06/08/2025 21:42:48,06/08/2025 21:43:22,Saiu da cerca,0m
FILIAL 16622,TJM9E93,TRAJETO PA X APARECIDA 2,Não Mapeado,06/08/2025 22:19:16,06/08/2025 23:23:01,Saiu da cerca,1h 3m
FILIAL 16622,TJM9E93,SELVIRIA,Parada Operacional,06/08/2025 22:42:38,06/08/2025 22:48:30,Saiu da cerca,5m
FILIAL 16622,TJM9E93,TRAJETO PA X APARECIDA 3,Não Mapeado,06/08/2025 23:23:01,07/08/2025 01:55:06,Saiu da cerca (Consolidado),2.53
FILIAL 16622,TJM9E93,Terminal (Consolidado),Terminal,06/08/2025 23:49:07,07/08/2025 01:31:53,Saiu da cerca,1.71
FILIAL 16622,TJM9E93,TRAJETO PA X APARECIDA 2,Não Mapeado,07/08/2025 01:55:06,07/08/2025 02:48:48,Saiu da cerca,53m
FILIAL 16622,TJM9E93,SELVIRIA,Parada Operacional,07/08/2025 02:22:30,07/08/2025 02:29:14,Saiu da cerca,6m
FILIAL 16622,TJM9E93,TRAJETO PA X APARECIDA 1,Não Mapeado,07/08/2025 02:48:48,07/08/2025 03:34:04,Saiu da cerca,45m
FILIAL 16622,TJM9E93,MONTANINI,Parada Operacional,07/08/2025 03:28:52,07/08/2025 03:29:30,Saiu da cerca,0m
FILIAL 16622,TJM9E93,TRAJETO PA,Não Mapeado,07/08/2025 03:34:04,07/08/2025 03:34:25,Saiu da cerca,0m
FILIAL 16622,TJM9E93,PA Celulose,Ponto Apoio,07/08/2025 03:34:25,07/08/2025 05:06:12,Saiu da cerca,1h 31m
FILIAL 16622,TJM9E93,TRAJETO PA,Não Mapeado,07/08/2025 05:06:12,07/08/2025 05:09:53,Saiu da cerca,3m
FILIAL 16622,TJM9E93,TRAJETO FABRICA X PA,Não Mapeado,07/08/2025 05:09:53,07/08/2025 05:52:48,Saiu da cerca,42m
FILIAL 16622,TJM9E93,AREA EXTERNA SUZANO,Parada Operacional,07/08/2025 06:46:33,07/08/2025 06:49:14,Saiu da cerca,2m
